제목,가사,가사,앨범명,발매날짜,장르
드라마,아이유,"나도 한때는 그이의 손을 잡고
내가 온 세상 주인공이 된 듯
꽃송이의 꽃잎 하나하나까지
모두 날 위해 피어났지

올림픽대로 뚝섬 유원지
서촌 골목골목 예쁜 식당
나를 휘청거리게 만든
주옥같은 대사들

다시 누군가 사랑할 수 있을까
예쁘다는 말 들을 수 있을까
하루 단 하루만 기회가 온다면
죽을힘을 다해 빛나리

언제부턴가 급격하게
단조로 바뀌던 배경음악
조명이 꺼진 세트장에
혼자 남겨진 나는

단역을 맡은 그냥 평범한 여자
꽃도 하늘도 한강도 거짓말
나의 드라마는 또 이렇게 끝나
나왔는지조차 모르게

끝났는지조차 모르게",조각집,2021.12.29,발라드
strawberry moon,아이유,"달이 익어가니 서둘러 젊은 피야
민들레 한 송이 들고
사랑이 어지러이 떠다니는 밤이야
날아가 사뿐히 이루렴

팽팽한 어둠 사이로
떠오르는 기분
이 거대한 무중력에 혹 휘청해도
두렵진 않을 거야

푸르른 우리 위로
커다란 strawberry moon 한 스쿱
나에게 너를 맡겨볼래 eh-oh

바람을 세로질러
날아오르는 기분 so cool
삶이 어떻게 더 완벽해 ooh

다시 마주하기 어려운 행운이야
온몸에 심장이 뛰어
Oh 오히려 기꺼이 헤매고픈 밤이야
너와 길 잃을 수 있다면

맞잡은 서로의 손으로
출입구를 허문
이 무한함의 끝과 끝 또 위아래로
비행을 떠날 거야

푸르른 우리 위로
커다란 strawberry moon 한 스쿱
나에게 너를 맡겨볼래 eh-oh
바람을 세로질러
날아오르는 기분 so cool
삶이 어떻게 더 완벽해 ooh

놀라워 이보다
꿈같은 순간이 또 있을까 (더 있을까)
아마도 우리가 처음 발견한
오늘 이 밤의 모든 것, 그 위로 날아

푸르른 우리 위로
커다란 strawberry moon 한 스쿱
세상을 가져보니 어때 eh-oh

바람을 세로질러
날아오르는 기분 so cool
삶이 어떻게 더 완벽해 ooh",strawberry moon,2021.10.19,록/메탈
라일락,아이유,"나리는 꽃가루에 눈이 따끔해 (아야)
눈물이 고여도 꾹 참을래
내 마음 한켠 비밀스런 오르골에 넣어두고서
영원히 되감을 순간이니까

우리 둘의 마지막 페이지를 잘 부탁해
어느 작별이 이보다 완벽할까
Love me only till this spring

오 라일락 꽃이 지는 날 good bye
이런 결말이 어울려
안녕 꽃잎 같은 안녕
하이얀 우리 봄날의 climax
아 얼마나 기쁜 일이야

Ooh ooh
Love me only till this spring
봄바람처럼
Ooh ooh
Love me only till this spring
봄바람처럼

기분이 달아 콧노래 부르네 (랄라)
입꼬리는 살짝 올린 채
어쩜 이렇게 하늘은 더 바람은 또 완벽한 건지
오늘따라 내 모습 맘에 들어

처음 만난 그날처럼 예쁘다고 말해줄래
어느 이별이 이토록 달콤할까
Love resembles misty dream

오 라일락 꽃이 지는 날 good bye
이런 결말이 어울려
안녕 꽃잎 같은 안녕
하이얀 우리 봄날의 climax
아 얼마나 기쁜 일이야

Ooh ooh
Love resembles misty dream
뜬구름처럼
Ooh ooh
Love resembles misty dream
뜬구름처럼

너도 언젠가 날 잊게 될까
지금 표정과 오늘의 향기도
단잠 사이에 스쳐간
봄날의 꿈처럼

오 라일락 꽃이 지는 날 good bye
너의 대답이 날 울려
안녕 약속 같은 안녕
하이얀 우리 봄날에 climax
아 얼마나 기쁜 일이야

Ooh ooh
Love me only untill this spring
봄바람처럼
Ooh ooh
Love me only untill this spring
봄바람처럼

Ooh ooh
Love resembles misty dream
뜬구름처럼
Ooh ooh
Love resembles misty dream
뜬구름처럼",IU 5th Album 'LILAC',2021.03.25,댄스
Blueming,아이유,"‘뭐해?‘라는 두 글자에
‘네가 보고 싶어’ 나의 속마음을 담아 우
이모티콘 하나하나 속에
달라지는 내 미묘한 심리를 알까 우

아니 바쁘지 않아 nothing no no
잠들어 있지 않아 insomnia nia nia
지금 다른 사람과 함께이지 않아
응, 나도 너를 생각 중

우리의 네모 칸은 bloom
엄지손가락으로 장미꽃을 피워
향기에 취할 것 같아 우
오직 둘만의 비밀의 정원

I feel bloom I feel bloom I feel bloom
너에게 한 송이를 더 보내

밤샘 작업으로 업데이트
흥미로운 이 작품의 지은이 that’s me 우
어쩜 이 관계의 클라이맥스
2막으로 넘어가기엔 지금이 good timing 우

같은 맘인 걸 알아 realize la lize
말을 고르지 말아 just reply la la ly
조금 장난스러운 나의 은유에
네 해석이 궁금해

우리의 색은 gray and blue
엄지손가락으로 말풍선을 띄워
금세 터질 것 같아 우
호흡이 가빠져 어지러워

I feel blue. I feel blue. I feel blue.
너에게 가득히 채워

띄어쓰기없이보낼게사랑인것같애
백만송이장미꽃을, 나랑피워볼래?
꽃잎의 색은 우리 마음 가는 대로 칠해
시들 때도 예쁘게

우리의 네모 칸은 bloom
엄지손가락으로 장미꽃을 피워
향기에 취할 것 같아 우
오직 둘만의 비밀의 정원

I feel bloom I feel bloom I feel bloom
너에게 한 송이를 더 보내",Love poem,2019.11.18,록/메탈
밤편지,아이유,"이 밤 그날의 반딧불을
당신의 창 가까이 보낼게요
음 사랑한다는 말이에요
나 우리의 첫 입맞춤을 떠올려
그럼 언제든 눈을 감고
음 가장 먼 곳으로 가요
난 파도가 머물던
모래 위에 적힌 글씨처럼
그대가 멀리 사라져 버릴 것 같아
늘 그리워 그리워
여기 내 마음속에
모든 말을 다 꺼내어 줄 순 없지만
사랑한다는 말이에요
어떻게 나에게
그대란 행운이 온 걸까
지금 우리 함께 있다면 아
얼마나 좋을까요
난 파도가 머물던
모래 위에 적힌 글씨처럼
그대가 멀리 사라져 버릴 것 같아
또 그리워 더 그리워
나의 일기장 안에
모든 말을 다 꺼내어 줄 순 없지만
사랑한다는 말
이 밤 그날의 반딧불을 당신의
창 가까이 띄울게요
음 좋은 꿈 이길 바라요",밤편지,2017.03.24,발라드
겨울잠,아이유,"때 이른 봄 몇 송이 꺾어다
너의 방 문 앞에 두었어
긴 잠 실컷 자고 나오면
그때쯤엔 예쁘게 피어 있겠다

별 띄운 여름 한 컵 따라다
너의 머리맡에 두었어
금세 다 녹아버릴 텐데
너는 아직 혼자 쉬고 싶은가 봐

너 없이 보는 첫 봄이 여름이
괜히 왜 이렇게 예쁘니
다 가기 전에 널 보여줘야 하는데
음 꼭 봐야 하는데

내게 기대어 조각잠을 자던
그 모습 그대로 잠들었구나
무슨 꿈을 꾸니
깨어나면 이야기해 줄 거지
언제나의 아침처럼 음

빼곡한 가을 한 장 접어다
너의 우체통에 넣었어
가장 좋았던 문장 아래 밑줄 그어
나 만나면 읽어줄래

새하얀 겨울 한 숨 속에다
나의 혼잣말을 담았어
줄곧 잘 참아내다가도
가끔은 철없이 보고 싶어

새삼 차가운 연말의 공기가
뼈 틈 사이사이 시려와
움츠려 있을 너의 그 마른 어깨를
꼭 안아줘야 하는데

내게 기대어 조각잠을 자던
그 모습 그대로 잠들었구나
무슨 꿈을 꾸니
깨어나면 이야기해 줄 거지
언제나의 아침처럼 음",조각집,2021.12.29,발라드
레옹,"이유 갓지(GOD G) 않은 이유 (박명수, 아이유)","레레 레레레옹
레레레 레레레옹 레레레옹
레레 레레레 레레
눈에 띄게 흰 피부에
입술은 피빨강
꼿꼿하게 핀 허리에
새침한 똑단발
못된 걸음으로 또 어디를 가나
누굴 찾는 것 같아
이 외로운 마틸다
티키타 리듬에 맞춰 스핀
기타 리프 테마는 스팅의
Shape Of My Heart
난 나잇값을 떼먹은 남자
Call Me 레옹 Call Me 레옹
Call Me 레옹
Call Me Call Call Call
Call Call Call Me
시끄러운 사람들 틈에
왜 당신은 조금도 춤을 추지 않나요
나 그대가 궁금해
알 수 없는 표정에
까만 선글라스
Mon Cher Look At Me
춤추고 싶지 않아
Mon Cher Look At Me
이유는 캐묻지 마라
Hey Baby Look At Me
슬픈 눈을 들키고 싶지 않아
더는 다가오지 마라 깜빡
왜 그렇게 무뚝뚝하나요
상냥하게 좀 해줄래요 ma 레옹
나도 어디서 꿀리진 않아
내 Choice는 틀리지 않아
I'm 마 마틸다
I'm 마 마 마틸다
I'm 마 마틸다
I'm 마 I'm I'm 마 I'm 마
잔잔히 잠들은 내 맘에
왜 돌을 던져 날 춤추고 싶게 만들어
흔들리는 눈빛을 감추어주오
나의 까만 선글라스
Ma chere What You Need
나처럼 춤을 춰요
Ma chere What You Need
아 튕기지 좀 마요
Hey Baby What You Need
그래 앞에 나를 봐요
자 이제 춤을 춰요 깜빡
Un Deux Trois Quatre
레레 레레레 레레 레 레레옹
레레 레레레 레레 레 레레옹
Mon Cher Look At Me
춤추고 싶지 않아
Mon Cher Look At Me
이유는 캐묻지 말아
Hey Baby Look At Me
슬픈 눈을 들키고 싶지 않아
더는 다가오지 말아 깜빡
Ma chere What You Need
나처럼 춤을 춰요
Ma chere What You Need
아 튕기지 좀 마요
Hey Baby What You Need
그래 앞에 나를 봐요
자 이제 춤을 춰요 춰요 깜빡",무한도전 영동고속도로 가요제,2015.08.22,댄스
Celebrity,아이유,"세상의 모서리
구부정하게 커버린
골칫거리 outsider

걸음걸이, 옷차림,
이어폰 너머 play list
음악까지 다 minor

넌 모르지
떨군 고개 위
환한 빛 조명이
어딜 비추는지

느려도 좋으니
결국 알게 되길
The one and only
You are my celebrity

잊지마 넌 흐린 어둠 사이
왼손으로 그린 별 하나
보이니 그 유일함이 얼마나
아름다운지 말야
You are my celebrity

celebrity
You are my celebrity

지쳐버린 표정 마치
전원을 꺼놓은 듯이
심장소린 too quiet

네가 가진 반짝거림,
상상력, identity
까지 모조리 diet

넌 모르지
아직 못다 핀
널 위해 쓰여진
오래된 사랑시

헤매도 좋으니
웃음 짓게 되길
The one and only
You are my celebrity

잊지마 넌 흐린 어둠 사이
왼손으로 그린 별 하나
보이니 그 유일함이 얼마나
아름다운지 말야
You are my celebrity

발자국마다 이어진 별자리
그 서투른 걸음이 새겨놓은 밑그림
오롯이 너를 만나러 가는 길
그리로 가면 돼 점선을 따라

잊지마 이 오랜 겨울 사이
언 틈으로 피울 꽃 하나
보이니 하루 뒤 봄이 얼마나
아름다울지 말야
You are my celebrity

celebrity
You are my celebrity",IU 5th Album 'LILAC',2021.03.25,댄스
마음을 드려요,아이유,"당신에게 드릴 게 없어서
나의 마음을 드려요
그대에게 받은 게 많아서
표현을 다 할 수가 없어요

나지막한 인사에
수많은 내 마음 고이 담아
그대에게로 건네면
내 마음 조금 알까요

어떤 이유로 만나
나와 사랑을 하고
어떤 이유로 내게 와
함께 있어준 당신

부디 행복한 날도
살다 지치는 날도
모두 그대의 곁에 내가
있어줄 수 있길

어떤 소식 보다 더
애타게 기다려지는 그대
엇갈리지 않게 여기
기다릴게요

눌러 적은 편지에
수많은 그리움 고이 담아
그대 내게로 올 때면
그 손에 쥐어줄게요

어떤 이유로 만나
나와 사랑을 하고
어떤 이유로 내게 와
함께 있어준 당신

부디 행복한 날도
살다 지치는 날도
모두 그대의 곁에 내가
있어줄 수 있길

네 번의 모든 계절들과
열두 달의 시간을 너와
숨이 차게 매일
사랑하며 함께 할게

어떤 이유로 만나
우리 사랑을 했던
지금 이 순간처럼
매일 바라보며
애써주기를

부디 행복한 날도
살다 지치는 날도
모두 그대의 곁에 내가
있어줄 수 있길

부디
추억만 남지 않길 너완",사랑의 불시착 OST Part 11,2020.02.15,"발라드, 국내드라마"
내 손을 잡아,아이유,"느낌이 오잖아

떨리고 있잖아

언제까지 눈치만 볼 거니

네 맘을 말해봐

딴청 피우지 말란 말이야

네 맘 가는 그대로

지금 내 손을 잡아

어서 내 손을 잡아

우연히 고개를 돌릴 때 마다

눈이 마주치는 건

며칠 밤 내내 꿈속에 나타나

밤새 나를 괴롭히는 건

그 많은 빈자리 중에서 하필

내 옆자릴 고르는 건

나도 모르게 어느새 실없는 웃음

흘리고 있다는 건

그럼 말 다했지 뭐

우리 얘기 좀 할까

느낌이 오잖아 떨리고 있잖아

언제까지 눈치만 볼 거니

네 맘을 말해봐

딴청 피우지 말란 말이야

네 맘 가는 그대로

지금 내 손을 잡아

핸드폰 진동에

심장이 덜컥내려 앉는다는 건

오 나도 모르게

어느새 짓궂은 네 말투

자꾸 듣고 싶은걸

어떡해

저기 멀리 걸어온다

눈이 마주친다

언제까지 넌 모른척 할거니

사랑이 온거야 너와 나 말이야

네가 좋아 정말 못 견딜 만큼

그거면 된거야

더는 생각하지 말란 말이야

네 맘 가는 그대로

느낌이 오잖아 떨리고 있잖아

언제까지 눈치만 볼 거니

네 맘을 말해봐

딴청 피우지 말란 말이야

네 맘 가는 그대로

지금 내 손을 잡아

그냥 내 손을 잡아

지금 내 손을 잡아",최고의 사랑 OST Part.4,2011.05.25,"발라드, 국내드라마"
봄 사랑 벚꽃 말고,"HIGH4 (하이포), 아이유","길었던 겨우내 줄곧 품이 좀 남는
밤색 코트
그 속에 나를 쏙 감추고 걸음을
재촉해 걸었어
그런데 사람들 말이 너만 아직도
왜 그러니
그제서야 둘러보니 어느새 봄이
손 잡고 걸을 사람 하나 없는 내게
달콤한 봄바람이 너무해
나만 빼고 다 사랑에 빠져
봄노래를 부르고
꽃잎이 피어나 눈 앞에 살랑거려도
난 다른 얘기가 듣고 싶어
한바탕 휩쓸고 지나가버릴
오오 봄 사랑 벚꽃 말고
봄 사랑 벚꽃 말고
봄 사랑 벚꽃 말고
봄 사랑 벚꽃 말고
손에 닿지도 않을 말로
날 꿈틀거리게 하지 말어
맘 먹고 밖에 나가도
막상 뭐 별 거 있나
손 잡고 걸을 사람 하나 없는 내게
오 사랑노래들이 너무해
나만 빼고 다 사랑에 빠져
봄노래를 부르고
꽃잎이 피어나 눈 앞에 살랑거려도
난 다른 얘기가 듣고 싶어
한바탕 휩쓸고 지나가버릴
오오 봄 사랑 벚꽃 말고
남들보다 절실한 사랑 노래 가사를
불러 봐
수많은 연인들 가운데 왜 나는
혼자만
똑같은 거리와 어제와 같은 옷차림
난 제자린데 왜 세상은 변한 것만
같지
누군가와 봄길을 거닐고 할 필욘
없지만
누구나 한번쯤은 머물고 싶은 그런
기억을
만들고 싶어 떨어지는 벚꽃잎도
엔딩이 아닌 봄의 시작이듯
사실은 요즘 옛날 생각이 나
걷기만 해도 그리워지니까
다시 느낄 수 있나 궁금해지지만
Then you know what
나만 빼고 다 사랑에 빠져
봄노래를 부르고
꽃잎이 피어나 눈 앞에 살랑거려도
난 다른 얘기가 듣고 싶어
한바탕 휩쓸고 지나가버릴
오오 봄 사랑 벚꽃 말고
봄 사랑 벚꽃 말고
봄 사랑 벚꽃 말고
봄 사랑 벚꽃 말고
봄 사랑 벚꽃 말고",봄 사랑 벚꽃 말고,2014.04.08,발라드
하루 끝,아이유,"Monday Better day
처음처럼 설레이는 그런 날
Sunday Better day
종일 너만 생각하는 그런 날
욕심이 나
우리 사이 요만큼만 더 가까이
딱 한 발짝 그만큼 더 가까이
혼잣말이 속삭임이
너도 궁금할 순 있잖아
네가 좋아서 그래
나 차가운 척 표정 짓고 있지만
내 마음은 그게 아닌데 거짓말인데
바보 같은 네가 난 답답해
너무 좋아서 그래
나 시무룩한 얼굴하고 있지만
또 기다리다 고민만 하다
흘러가는 하루 끝에서 하는 말
내가 널 사랑해
One day Holiday
혼자 있긴 너무너무 싫은 날
One day Cloudy day
울 것처럼 하늘도 찌푸린 날
눈물이 와 서글픈 내 맘을 닮은
눈물이 와
꾹 참았다 쏟아지는 내 맘이
온 하늘에 온 세상에
그저 슬픈 건 아닐 거야
네가 좋아서 그래
나 차가운 척 표정 짓고 있지만
내 마음은 그게 아닌데 거짓말인데
바보 같은 네가 난 답답해
너무 좋아서 그래
나 시무룩한 얼굴하고 있지만
또 기다리다 고민만 하다
흘러가는 하루 끝에서 하는 말
내가 널 사랑해
내 입술엔 거짓말
내 눈 속엔 정말 하고픈 말
맘속에 숨어 있는 말
많이 좋아서 그래
뒤돌아서 느려진 발걸음을 봐
널 기다리는 맘인 거잖아
날 지켜본 너라면 알잖아
내가 몰라서 그래
네 마음이 들리게 내게 말해줘
손 내밀면 될 것 같은데
망설이는 이유가 나와 같다면
이제 다가와 줘",스무 살의 봄,2012.05.11,댄스
Love poem,아이유,"누구를 위해 누군가
기도하고 있나 봐

숨죽여 쓴 사랑시가
낮게 들리는 듯해

너에게로 선명히 날아가
늦지 않게 자리에 닿기를

I’ll be there 홀로 걷는 너의 뒤에
Singing till the end 그치지 않을 이 노래
아주 잠시만 귀 기울여 봐
유난히 긴 밤을 걷는 널 위해 부를게

또 한 번 너의 세상에
별이 지고 있나 봐

숨죽여 삼킨 눈물이
여기 흐르는 듯해

할 말을 잃어 고요한 마음에
기억처럼 들려오는 목소리

I’ll be there 홀로 걷는 너의 뒤에
Singing till the end 그치지 않을 이 노래
아주 커다란 숨을 쉬어 봐
소리 내 우는 법을 잊은 널 위해 부를게

(다시 걸어갈 수 있도록)
부를게
(다시 사랑할 수 있도록)

Here i am 지켜봐 나를, 난 절대
Singing till the end 멈추지 않아 이 노래
너의 긴 밤이 끝나는 그날
고개를 들어 바라본 그곳에 있을게",Love poem,2019.11.01,록/메탈
나의 옛날이야기,아이유,"쓸쓸하던 그 골목을 당신은
기억하십니까
지금도 난 기억합니다
사랑한단 말 못하고 애태우던
그날들을
당신은 알고 있었습니까
철 없었던 지난 날의 아름답던
그밤들을
아직도 난 사랑합니다
철없던 사람아
그대는 나의 모든 것을 앗으려
하나 무정한 사람아
수줍어서 말 못했나 내가 싫어 말
안했나
지금도 난 알 수 없어요
이 노래를 듣는다면 나에게로 와주오
그대여 난 기다립니다
무정한 사람아
이 밤도 나의 모든 것을 앗으려
하나 철 없던 사람아
오늘 밤도 내일 밤도 그리고 그
다음 밤도
영원히 난 기다립니다",꽃갈피,2014.05.16,발라드
에잇(Prod.&Feat. SUGA of BTS),아이유,"So are you happy now
Finally happy now are you

뭐 그대로야 난
다 잃어버린 것 같아

모든 게 맘대로 왔다가 인사도 없이 떠나
이대로는 무엇도 사랑하고 싶지 않아
다 해질 대로 해져버린
기억 속을 여행해

우리는 오렌지 태양 아래
그림자 없이 함께 춤을 춰
정해진 이별 따위는 없어
아름다웠던 그 기억에서 만나
Forever young

우우우 우우우우 우우우 우우우우
Forever we young
우우우 우우우우
이런 악몽이라면 영영 깨지 않을게

섬 그래 여긴 섬 서로가 만든 작은 섬
예 음 forever young 영원이란 말은 모래성

작별은 마치 재난문자 같지
그리움과 같이 맞이하는 아침
서로가 이 영겁을 지나
꼭 이 섬에서 다시 만나

지나듯 날 위로하던 누구의 말대로 고작
한 뼘짜리 추억을 잊는 게 참 쉽지 않아
시간이 지나도 여전히
날 붙드는 그곳에

우리는 오렌지 태양 아래
그림자 없이 함께 춤을 춰
정해진 안녕 따위는 없어
아름다웠던 그 기억에서 만나

우리는 서로를 베고 누워
슬프지 않은 이야기를 나눠
우울한 결말 따위는 없어
난 영원히 널 이 기억에서 만나
Forever young

우우우 우우우우 우우우 우우우우
Forever we young
우우우 우우우우
이런 악몽이라면 영영 깨지 않을게",에잇,2020.05.06,록/메탈
좋은 날,아이유,"어쩜 이렇게 하늘은 더 파란 건지
오늘따라 왜 바람은 또 완벽한지
그냥 모르는 척 하나 못들은 척
지워버린 척 딴 얘길 시작할까
아무 말 못하게 입맞출까
눈물이 차올라서 고갤 들어
흐르지 못하게 또 살짝 웃어
내게 왜 이러는지 무슨 말을 하는지
오늘 했던 모든 말 저 하늘 위로
한번도 못했던 말
울면서 할 줄은 나 몰랐던 말
나는요 오빠가 좋은걸 어떡해

새로 바뀐 내 머리가 별로였는지
입고 나왔던 옷이 실수였던 건지
아직 모르는 척 기억 안 나는 척
아무 일없던 것처럼 굴어볼까
그냥 나가자고 얘기할까
눈물이 차올라서 고갤 들어
흐르지 못하게 또 살짝 웃어
내게 왜 이러는지 무슨 말을 하는지
오늘 했던 모든 말 저 하늘 위로
한번도 못했던 말
울면서 할 줄은 나 몰랐던 말
나는요 오빠가 좋은걸
어떡해

이런 나를 보고
그런 슬픈 말은 하지 말아요
철없는 건지 조금 둔한 건지
믿을 수가 없는걸요
눈물은 나오는데 활짝 웃어
네 앞을 막고서 막 크게 웃어
내가 왜 이러는지 부끄럼도 없는지
자존심은 곱게 접어 하늘위로
한 번도 못했던 말
어쩌면 다신 못할 바로 그 말
나는요 오빠가 좋은걸
아이쿠 하나 둘
I'm in my dream
It's too beautiful beautiful day
Make it a good day
Just don't make me cry
이렇게 좋은 날",Real,2010.12.09,댄스
금요일에 만나요 (Feat. 장이정 Of HISTORY),아이유,"월요일엔 아마 바쁘지 않을까
화요일도 성급해 보이지 안 그래
수요일은 뭔가 어정쩡한 느낌
목요일은 그냥 내가 왠지 싫어
우 이번 주 금요일
우 금요일에 시간 어때요
주말까지 기다리긴 힘들어
시간아 달려라 시계를
더 보채고 싶지만
mind control
일분 일초가 달콤해
이 남자 도대체 뭐야
사랑에 빠지지 않곤 못 배기겠어
온 종일 내 맘은 저기
시계바늘 위에 올라타
한 칸씩 그대에게 더 가까이
우 이번 주 금요일
우 금요일에 시간 어때요
딱히 보고 싶은 영화는 없지만
딱히 먹고 싶은 메뉴는 없지만
주말까지 기다리긴 힘들어
시간아 달려라 시계를
더 보채고 싶지만
mind control
일분 일초가 달콤해
이 남자 도대체 뭐야
사랑에 빠지지 않곤
못 배기겠어
온 종일 내 맘은 저기
시계바늘 위에 올라타
한 칸씩 그대에게 더 가까이
나 뭔가에 홀린 것 같아
이 여잔 도대체 뭐야
사랑해주지 않고는 못 배기겠어
돌아오는 이번 주
금요일에 만나요
그 날 내 맘을 더 가져가줘요
더 가까이 더 가까이 와요
더 가까이",Modern Times - Epilogue,2013.12.20,발라드
너랑 나,아이유,"시곌 보며 속삭이는 비밀들
간절한 내 맘속 이야기
지금 내 모습을 해쳐도 좋아
나를 재촉하면 할수록 좋아
내 이름 불러줘
손 틈새로 비치는 내 맘
들킬까 두려워
가슴이 막 벅차 서러워
조금만 꼭 참고 날 기다려줘
너랑 나랑은 지금 안되지
시계를 더 보채고 싶지만
네가 있던 미래에서
내 이름을 불러줘
내가 먼저 엿보고 온 시간들
너와 내가 함께였었지
나랑 놀아주는 그대가 좋아
내가 물어보면 그대도 좋아
내 이름이 뭐야
손 틈새로 비치는 내 맘
들킬까 두려워
가슴이 막 벅차 서러워
조금만 꼭 참고 날 기다려줘
너랑 나랑은 지금 안되지
시계를 더 보채고 싶지만
네가 있던 미래에서
내 이름을 불러줘
눈 깜박하면 어른이 될 거에요
날 알아보겠죠 그댄 기억하겠죠
그래 기묘했던 아이
손 틈새로 비치는 네 모습 참 좋다
손끝으로 돌리며
시곗바늘아 달려봐
조금만 더 빨리 날아봐
두 눈을 꼭 감고 마법을 건다
너랑 나랑은 조금 남았지
몇 날 몇실진 모르겠지만
네가 있을 미래에서
혹시 내가 헤맨다면
너를 알아볼 수 있게
내 이름을 불러줘",Last Fantasy,2011.11.29,댄스
아이와 나의 바다,아이유,"그러나 시간이 지나도
아물지 않는 일들이 있지
내가 날 온전히 사랑하지 못해서
맘이 가난한 밤이야

거울 속에 마주친 얼굴이 어색해서
습관처럼 조용히 눈을 감아
밤이 되면 서둘러 내일로 가고 싶어
수많은 소원 아래 매일 다른 꿈을 꾸던

아이는 그렇게 오랜 시간
겨우 내가 되려고 아팠던 걸까
쌓이는 하루만큼 더 멀어져
우리는 화해할 수 없을 것 같아
나아지지 않을 것 같아

어린 날 내 맘엔 영원히
가물지 않는 바다가 있었지
이제는 흔적만이 남아 희미한 그곳엔

설렘으로 차오르던 나의 숨소리와
머리 위로 선선히 부는 바람
파도가 되어 어디로든 달려가고 싶어
작은 두려움 아래 천천히 두 눈을 뜨면

세상은 그렇게 모든 순간
내게로 와 눈부신 선물이 되고
숱하게 의심하던 나는 그제야
나에게 대답할 수 있을 것 같아

선 너머에 기억이
나를 부르고 있어
아주 오랜 시간 동안
잊고 있던 목소리에

물결을 거슬러 나 돌아가
내 안의 바다가 태어난 곳으로

휩쓸려 길을 잃어도 자유로와
더이상 날 가두는 어둠에 눈 감지 않아
두 번 다시 날 모른 척 하지 않아

그럼에도 여전히 가끔은
삶에게 지는 날들도 있겠지
또다시 헤매일지라도 돌아오는 길을 알아",IU 5th Album 'LILAC',2021.03.25,발라드
팔레트 (Feat. G-DRAGON),아이유,"팔레트 (Feat. G-DRAGON)

이상하게도 요즘엔
그냥 쉬운 게 좋아
하긴 그래도 여전히
코린 음악은 좋더라
Hot Pink 보다 진한
보라색을 더 좋아해
또 뭐더라 단추 있는
Pajamas Lipstick
좀 짓궂은 장난들
I like it I'm twenty five
날 좋아하는 거 알아
I got this I'm truly fine
이제 조금 알 것 같아 날
긴 머리보다 반듯이 자른
단발이 좋아
하긴 그래도 좋은 날 부를 땐
참 예뻤더라
오 왜 그럴까 조금
촌스러운 걸 좋아해
그림보다 빼곡히 채운
Palette 일기 잠들었던 시간들
I like it I'm twenty five
날 미워하는 거 알아
I got this I'm truly fine
이제 조금 알 것 같아 날
어려서 모든 게 어려워
잔소리에 매 서러워
꾸중만 듣던 철부지 애
겨우 스무고개 넘어
기쁨도 잠시 어머
아프니까 웬 청춘이래
지은아 오빠는 말이야
지금 막 서른인데
나는 절대로 아니야
근데 막 어른이 돼
아직도 한참 멀었는데
너보다 다섯 살 밖에 안 먹었는데
스물 위 서른 아래
고맘때 Right there
애도 어른도 아닌 나이 때
그저 나일 때
가장 찬란하게 빛이 나
어둠이 드리워질 때도 겁내지 마
너무 아름다워서 꽃잎 활짝 펴서
언제나 사랑 받는 아이 YOU
Palette 일기 잠들었던 시간들
I like it I'm twenty five
날 좋아하는 거 알아
I got this I'm truly fine
이제 조금 알 것 같아 날
아직 할 말이 많아
I like it I'm twenty five
날 미워하는 거 알아
I got this I've truly found
이제 조금 알 것 같아 날",Palette,2017.04.21,R&B/Soul
어푸 (Ah puh),아이유,"I’m such a good surfer
가라앉지 않기
비틀 비 비틀 거리다가 풍덩 uh
빠지더라도 구명복 따윈 졸업

I’m such a good surfer
휩쓸리지 않기
울렁 우 울렁 거리다가 throw up
게워내더라도 지는 건 난 못 참아

제일 높은 파도
올라타타 라차차우아
해일과 함께 사라질 타이밍
그건 내가 골라
무슨 소리 겁이 나기는, 재밌지 뭐

어어어 푸푸푸 또
허허허 우우우적
거거거 리더던 시
저저절 나라면
워어언 이 사람아
언제적 얘길 꺼내나
보란듯이 헤엄치기 처첨버벙

저저적 셔셔셔 또
저저적 셔셔셔
거거겁 없이 몸을
더더던 져져져
워어언 이 사람아
뭘 그렇게나 놀래나
더 재밌는 걸 보여줄게
When the wave has come

I’m a bubble maker
잔잔한 바다를
지긋 지 지긋 괴롭히는 villain uh
나이를 먹어도 이 버릇 남 못 줘 난

I’m a bubble maker
이제 이쯤이야
출렁 추 출렁 멀미도 suck it up
물 먹이더라도 이곳을 난 못 떠나

제일 높은 파도
올라타타 라차차우아
너울과 함께 부서질 타이밍
그건 내가 골라
무슨 소리 겁이 나기는, 재밌지 뭐

어어어 푸푸푸 또
허허허 우우우적
거거거 리더던 시
저저절 나라면
워어언 이 사람아
언제적 얘길 꺼내나
맨몸으로 헤엄치기 처첨버벙

어 또 보네 다음에
다시 만날 때까지
부디 행운을 빌어
지겹게 보자고

슬 가볼게 나 먼저
저기 물마루에
원 이 사람 참
뭘 그렇게나 놀래나
더 재밌는 걸 보여줄게
When the wave has come

저저적 셔셔셔 또
저저적 셔셔셔
거거겁 없이 몸을
더더던 져져져
워어언 이 사람아
뭘 그렇게나 보채나
거품처럼 사라질게
When the time has come",IU 5th Album 'LILAC',2021.03.25,댄스
비밀의 화원,아이유,"바람을 타고 날아오르는
새들은 걱정 없이
아름다운 태양 속으로
음표가 되어 나네
향기 나는 연필로 쓴 일기처럼
숨겨두었던 마음
기댈 수 있는 어깨가 있어
비가 와도 젖지 않아
어제의 일들은 잊어
누구나 조금씩은 틀려
완벽한 사람은 없어
실수투성이고 외로운 나를 봐
난 다시 태어난 것만 같아
그대를 만나고부터
그대 나의 초라한 마음을
받아준 순간부터 랄라라릴라
하루하루 조금씩 나아질 거야
그대가 지켜보니
힘을 내야지 행복해져야지
뒤뜰에 핀 꽃들처럼
점심을 함께 먹어야지
새로 연 그 가게에서
새 샴푸를 사러 가야지
아침 하늘빛의 민트향이면 어떨까
난 다시 꿈을 꾸게 되었어
그대를 만나고부터
그대 나의 초라한
마음을 받아준 순간부터 랄라라릴라
월요일도 화요일도 봄에도
겨울에도 해가 질 무렵에도
비둘기를 안은 아이같이
행복해줘 나를 위해서
난 다시 태어난 것만 같아
그대를 만나고부터
그대 나의 초라한 마음을
받아준 순간부터 랄라라릴라
난 다시 꿈을 꾸게 되었어
그대를 만나고부터
그대 나의 초라한 마음을
받아준 순간부터 랄라라릴라",꽃갈피 둘,2017.09.22,발라드
너의 의미 (Feat. 김창완),아이유,"너의 그 한 마디 말도 그 웃음도
나에겐 커다란 의미
너의 그 작은 눈빛도
쓸쓸한 그 뒷모습도 나에겐 힘겨운
약속
너의 모든 것은 내게로 와
풀리지 않는 수수께끼가 되네
슬픔은 간이역의 코스모스로 피고
스쳐 불어온 넌 향긋한 바람
나 이제 뭉게구름 위에 성을 짓고
널 향해 창을 내리 바람 드는 창을
너의 그 한 마디 말도 그 웃음도
나에겐 커다란 의미
너의 그 작은 눈빛도
쓸쓸한 그 뒷모습도 나에겐 힘겨운
약속
너의 모든 것은 내게로 와
풀리지 않는 수수께끼가 되네
슬픔은 간이역의 코스모스로 피고
스쳐 불어온 넌 향긋한 바람
나 이제 뭉게구름 위에 성을 짓고
널 향해 창을 내리 바람 드는 창을
슬픔은 간이역의 코스모스로 피고
스쳐 불어온 넌 향긋한 바람
나 이제 뭉게구름 위에 성을 짓고
널 향해 창을 내리 바람 드는 창을
너의 그 한 마디 말도 그 웃음도
나에겐 커다란 의미
너의 그 작은 눈빛도
쓸쓸한 그 뒷모습도 나에겐 힘겨운
약속",꽃갈피,2014.05.16,발라드
스물셋,아이유,"I'm twenty three
난 수수께끼 Question
뭐게요 맞혀봐요
I'm twenty three
틀리지 말기 Because
난 몹시 예민해요
맞혀봐
한 떨기 스물셋 좀
아가씨 태가 나네
다 큰 척해도 적당히 믿어줘요
얄미운 스물셋
아직 한참 멀었다 얘
덜 자란 척해도
대충 속아줘요
난 그래 확실히 지금이 좋아요
아냐 아냐
사실은 때려 치고 싶어요
아 알겠어요
나는 사랑이 하고 싶어
아니 돈이나 많이 벌래
맞혀봐
어느 쪽이게
얼굴만 보면 몰라
속마음과 다른 표정을 짓는 일
아주 간단하거든
어느 쪽이게
사실은 나도 몰라
애초에 나는 단 한 줄의
거짓말도 쓴 적이 없거든
여우인 척 하는 곰인 척
하는 여우 아니면
아예 다른 거
어느 쪽이게
뭐든 한 쪽을 골라
색안경 안에 비춰지는 거
뭐 이제 익숙하거든
Check it out
겁나는 게 없어요
엉망으로 굴어도
사람들은 내게 매일 친절해요
인사하는 저 여자
모퉁이를 돌고도
아직 웃고 있을까
늘 불안해요
난 영원히 아이로 남고 싶어요
아니 아니
물기 있는 여자가 될래요
아 정했어요
난 죽은 듯이 살래요
아냐 다 뒤집어 볼래
맞혀봐
어느 쪽이게
얼굴만 보면 몰라
속마음과 다른 표정을 짓는 일
아주 간단하거든
어느 쪽이게
사실은 나도 몰라
애초에 나는 단 한 줄의
거짓말도 쓴 적이 없거든
여우인 척 하는 곰인 척
하는 여우 아니면
아예 다른 거
어느 쪽이게
뭐든 한 쪽을 골라
색안경 안에 비춰지는 거
뭐 이제 익숙하거든
난 당신 맘에 들고 싶어요
아주 살짝만
얄밉게 해도 돼요
난 당신 맘에 들고 싶어요
자기 머리 꼭대기 위에서
놀아도 돼요
맞혀봐
어느 쪽이게
얼굴만 보면 몰라
속마음과 다른 표정을 짓는 일
아주 간단하거든
어느 쪽이게
사실은 나도 몰라
애초에 나는 단 한 줄의
거짓말도 쓴 적이 없거든
여우인 척 하는 곰인 척
하는 여우 아니면
아예 다른 거
어느 쪽이게
뭐든 한 쪽을 골라
색안경 안에 비춰지는 거
뭐 이제 익숙하거든",CHAT-SHIRE,2015.10.23,댄스
삐삐,아이유,"Hi there
인사해 호들갑 없이
시작해요 서론 없이
스킨십은 사양할게요
back off back off
이대로 좋아요
balance balance
It's me 나예요 다를 거 없이
요즘엔 뭔가요 내 가십
탐색하는 불빛
scanner scanner
오늘은 몇 점인가요
jealous jealous
쟤는 대체 왜 저런 옷을 좋아한담
기분을 알 수 없는 저 표정은 뭐람
태가 달라진 건
아마 스트레스 때문인가
걱정이야 쟤도 참
Yellow C A R D
이 선 넘으면 침범이야 beep
매너는 여기까지
it's ma ma ma mine
Please keep the la la la line
Hello stuP I D
그 선 넘으면 정색이야 beep
Stop it 거리 유지해
cause we don't know know know know
Comma we don't owe owe owe owe
anything
I don't care
당신의 비밀이 뭔지
저마다의 사정 역시
정중히 사양할게요
not my business
이대로 좋아요
talk talkless
Still me 또예요
놀랄 거 없이
I'm sure you're gonna say
my gosh
바빠지는 눈빛
checki cheking
매일 틀린 그림 찾기
hash tagging
꼿꼿하게 걷다가 삐끗 넘어질라
다들 수군대는 걸 자긴 아나 몰라
요새 말이 많은 걔랑 어울린다나
문제야 쟤도 참
Yellow C A R D
이 선 넘으면 침범이야 beep
매너는 여기까지
it's ma ma ma mine
Please keep the la la la line
Hello stuP I D
그 선 넘으면 정색이야 beep
Stop it 거리 유지해
cause we don't know know know know
Comma we don't owe owe owe owe
anything
편하게 하지 뭐
어 거기 너 내 말 알아 들어 어
I don't believe it
에이 아직 모를 걸
내 말 틀려 또 나만 나뻐 어
I don't believe it
깜빡이 켜 교양이 없어 너
knock knock knock
Enough 더 상대 안 해
block block block block block
잘 모르겠으면
이젠 좀 외워 babe
Repeat repeat
참 쉽지 right
Yellow C A R D
이 선 넘으면 침범이야 beep
매너는 여기까지
it's ma ma ma mine
Please keep the la la la line
Hello stuP I D
그 선 넘으면 정색이야 beep
Stop it 거리 유지해
cause we don't know know know know
Comma we don't owe owe owe owe
anything",삐삐,2018.10.10,R&B/Soul
가을 아침,아이유,"이른 아침 작은 새들 노랫소리 들려오면
언제나 그랬듯 아쉽게 잠을 깬다
창문 하나 햇살 가득 눈부시게 비쳐오고
서늘한 냉기에 재채기할까 말까 음
눈 비비며 빼꼼히 창밖을 내다보니
삼삼오오 아이들은 재잘대며 학교 가고
산책 갔다 오시는 아버지의 양손에는
효과를 알 수 없는 약수가 하나 가득 음
딸각딸각 아침 짓는 어머니의 분주함과
엉금엉금 냉수 찾는 그 아들의 게으름이
상큼하고 깨끗한 아침의 향기와
구수하게 밥 뜸드는 냄새가 어우러진
가을 아침 내겐 정말 커다란 기쁨이야
가을 아침 내겐 정말 커다란 행복이야
응석만 부렸던 내겐
파란 하늘 바라보며 커다란 숨을 쉬니
드높은 하늘처럼 내 마음 편해지네
텅 빈 하늘 언제 왔나 고추잠자리 하나가
잠 덜 깬 듯 엉성히 돌기만 비잉비잉 음
토닥토닥 빨래하는 어머니의 분주함과
동기동기 기타 치는 그 아들의 한가함이
심심하면 쳐대는 괘종시계 종소리와
시끄러운 조카들의 울음소리 어우러진
가을 아침 내겐 정말 커다란 기쁨이야
가을 아침 내겐 정말 커다란 행복이야
응석만 부렸던 내겐
가을 아침 내겐 정말 커다란 기쁨이야
가을 아침 내겐 정말 커다란 행복이야
뜬구름 쫓았던 내겐
이른 아침 작은 새들 노랫소리 들려오면
언제나 그랬듯 아쉽게 잠을 깬다
창문 하나 햇살 가득 눈부시게 비쳐오고
서늘한 냉기에 재채기할까 말까 음",꽃갈피 둘,2017.09.22,포크/블루스
잔소리 (With 2AM 슬옹),아이유,"늦게 다니지좀 마

술은 멀리좀 해봐

열살짜리 애처럼 말을 안듣니

정말 웃음만 나와

누가 누굴보고 아이라 하는지

정말 웃음만 나와

싫은 얘기 하게 되는 내 맘을 몰라

좋은 얘기만 나누고 싶은 내맘을 몰라

그만할까 그만하자

하나부터 열까지 다 널 위한 소리

내 말 듣지 않는 너에게는 뻔한 잔소리

그만하자 그만하자

사랑하기만해도 시간 없는데

머리 아닌 가슴으로 하는 이야기

니가 싫다 해도 안 할수가 없는 이야기

그만하자 그만하자

나의 잔소리가 들려

밥은 제 때 먹는지

여잔 멀리 하는지

온 종일을 네 옆에 있고 싶은데

내가 그 맘인거야

주머니속에 널 넣고 다니면

정말 행복할텐데

둘이 아니면 안되는 우리 이야기

누가 듣는다면 놀려대고 웃을 이야기

그만할까 그만하자

하나부터 열까지 다 널 위한 소리

내 말 듣지 않는 너에게는 뻔한 잔소리

그만하자 그만하자

사랑하기만해도 시간 없는데

머리 아닌 가슴으로 하는 이야기

니가 싫다 해도 안 할수가 없는 이야기

그만하자 그만하자

나의 잔소리가 들려

눈에 힘을 주고 겁을 줘봐도

내겐 그저 귀여운 얼굴

이럴래 자꾸 더는 못 참고

정말 화낼지 몰라

사랑하다 말거라면 안 할 이야기

누구보다 너를 생각하는 마음의 소리

화가 나도 소리 쳐도

너의 잔소리마저 난 달콤한데

사랑해야 할 수 있는 그런 이야기

내 말 듣지 않는 너에게는 뻔한 잔소리

그만하자 그만하자

이런 내 맘을 믿어줘",잔소리,2010.06.03,발라드
이 지금,아이유,"이건 비밀이야
아무에게도 고백하지 않았던
이야기를 들려주면
큰 눈으로 너는 묻지
How wow wow Whatever
나 실은 말이야
저기 아득한 미래로부터 날아왔어
쏟아질 듯이 빼곡한 별들 사이를 지나
Fly fly fly
있지 그곳도 사실 바보들 투성이야
아니 매우 반짝이는 건 오히려
Now now now
이 하루 이 지금 우리
눈부셔 아름다워
이 불꽃놀이는 끝나지 않을 거야
Ooh Whatever
흐린 날이면
거짓말처럼 무섭게 깜깜했지
새침데기 태양은 뜨겁기는커녕
peacock
Blue blue blue Whatever
매일매일
제멋대로인 바람결을 땋아서 만든
이 나침반이 가리킨 그곳에서 발견
Oh That's you you yes you
있지 저런 건 그저 자그만 돌멩이야
빛이 나는 건 여기 있잖아
Life is cool cool cool
시간은 많아 이대로면 아마
영원히 살 수 있지 않을까
안녕 나의 주인공 그래 너를 만나러 나
짜잔 우아하게 등장
바로 이 하루 이 지금 우리
눈부셔 아름다워
나는 확실히 알아 오늘의 불꽃놀이는
끝나지 않을 거야
우우우 우우우
우우우 우우우
더 놀라운 건 지금부터야",Palette,2017.04.21,발라드
이름에게,아이유,"꿈에서도 그리운 목소리는
이름 불러도 대답을 하지 않아
글썽이는 그 메아리만 돌아와
그 소리를 나 혼자서 들어
깨어질 듯이 차가워도
이번에는 결코 놓지 않을게
아득히 멀어진 그날의 두 손을
끝없이 길었던
짙고 어두운 밤 사이로
조용히 사라진 네 소원을 알아
오래 기다릴게
반드시 너를 찾을게
보이지 않도록 멀어도
가자 이 새벽이 끝나는 곳으로
어김없이 내 앞에 선 그 아이는
고개 숙여도 기어이 울지 않아
안쓰러워 손을 뻗으면 달아나
텅 빈 허공을 나 혼자 껴안아
에어질 듯이 아파와도
이번에는 결코 잊지 않을게
한참을 외로이 기다린 그 말을
끝없이 길었던
짙고 어두운 밤 사이로
영원히 사라진 네 소원을 알아
오래 기다릴게
반드시 너를 찾을게
보이지 않도록 멀어도
가자 이 새벽이 끝나는 곳
수없이 잃었던
춥고 모진 날 사이로
조용히 잊혀진 네 이름을 알아
멈추지 않을게
몇 번이라도 외칠게
믿을 수 없도록 멀어도
가자 이 새벽이 끝나는 곳으로",Palette,2017.04.21,발라드
사랑이 잘 (With 오혁),아이유,"미리 말할게 사과는 안 해
아무 말 없이 너 후회 안 해
다 관심 없잖아 친구야 뭐야
Oh you know what to do
피곤해 그만 오늘은 놔 줘
더 이상 반복하긴 싫어
또 다 내가 나빠
아마 그래 난 널 미워하나 봐
사랑이 잘 안 돼
떠올려 봐도
피부를 비비고 안아봐도
입술을 맞춰도 참
생각대로 되지 않아
웃긴 것 같아
되돌려보려고 서로 모른 척해도
이제 와 우리가 어떻게
다시 사랑 같은 걸 하겠어
다섯 번째 미안하단 말이
이젠 너에게는 지겨운 건지
마지막일 거란 예감이 들어
Oh you know what to do
이건 내가 오늘 하루 종일
그린 저녁은 분명 아니야
널 보면 자꾸 네 안에 내가 보여서
이젠 내가 싫어
사랑이 잘 안 돼
떠올려 봐도
피부를 비비고 안아봐도
입술을 맞춰도 참
생각대로 되지 않아
웃긴 것 같아
되돌려보려고 계속 모른 척해도
이제 와 우리가 어떻게
다시 사랑 같은 걸 하겠어
어디야
넌 어디야
집이야
난 택시야
집에 거의 다 와가니
Oh 미안해
뭐 어떤 게
그냥 다
들어가
나 지갑 거기 두고 왔어
Oh 있잖아
아니야
말해 봐
이제 더 사랑하지 않는 것 같아
아
사랑이 잘 안 돼
떠올려 봐도
피부를 비비고 안아봐도
입술을 맞춰도 참
생각대로 되지 않아
웃긴 것 같아
되돌려보려고 서로 모른 척해도
이제 와 우리가 어떻게
다시 사랑 같은 걸 하겠어",사랑이 잘,2017.04.07,R&B/Soul
무릎,아이유,"모두 잠드는 밤에
혼자 우두커니 앉아
다 지나버린 오늘을
보내지 못하고서 깨어있어
누굴 기다리나
아직 할 일이 남아 있었던가
그것도 아니면 돌아가고 싶은
그리운 자리를 떠올리나
무릎을 베고 누우면
나 아주 어릴 적 그랬던 것처럼
머리칼을 넘겨줘요
그 좋은 손길에
까무룩 잠이 들어도
잠시만 그대로 두어요
깨우지 말아요 아주
깊은 잠을 잘 거예요
조용하던 두 눈을
다시 나에게 내리면
나 그때처럼 말갛게
웃어 보일 수 있을까
나 지친 것 같아
이 정도면 오래 버틴 것 같아
그대 있는 곳에 돌아갈 수 있는
지름길이 있다면 좋겠어
무릎을 베고 누우면
나 아주 어릴 적 그랬던 것처럼
머리칼을 넘겨줘요
그 좋은 손길에
까무룩 잠이 들어도
잠시만 그대로 두어요
깨우지 말아요 아주
깊은 잠을 잘 거예요
스르르르륵 스르르
깊은 잠을 잘 거예요
스르르르륵 스르르
깊은 잠을",CHAT-SHIRE,2015.10.23,발라드
마음,아이유,"툭 웃음이 터지면 그건 너
쿵 내려앉으면은 그건 너
축 머금고 있다면 그건 너
둥 울림이 생긴다면 그건 너
그대를 보며
나는 더운 숨을 쉬어요
아픈 기분이 드는 건
그 때문이겠죠
나를 알아주지 않으셔도 돼요
찾아오지 않으셔도
다만 꺼지지 않는 작은 불빛이
여기 반짝 살아있어요
영영 살아있어요
눈을 떼지 못 해
하루종일 눈이 시려요
슬픈 기분이 드는 건
그 때문이겠죠
제게 대답하지 않으셔도 돼요
달래주지 않으셔도
다만 꺼지지 않는 작은 불빛이
여기 반짝 살아있어요
세상 모든 게 죽고 새로 태어나
다시 늙어갈 때에도
감히 이 마음만은 주름도 없이
여기 반짝 살아있어요
영영 살아있어요
영영 살아있어요",마음,2015.05.18,포크/블루스
나만 몰랐던 이야기,아이유,"정말 넌 다 잊었더라

반갑게 날 보는 너의 얼굴 보니

그제야 어렴풋이 아파오더라

새 살 차오르지 못한 상처가

눈물은 흐르질 않더라

이별이라 하는 게 대단치도 못해서

이렇게 보잘것없어서

좋은 이별이란 거

결국 세상엔 없는 일이라는 걸

알았다면 그때 차라리 다 울어둘 걸

그때 이미 나라는 건

네겐 끝이었다는 건

나만 몰랐었던 이야기



사랑은 아니었더라

내 곁에 머물던 시간이었을 뿐

이제야 어렴풋이 알 것만 같아

왜 넌 미안했어야만 했는지

내가 너무 들떴었나 봐

떠나는 순간마저 기대를 했었다니

얼마나 우스웠던 거니

좋은 이별이란 거

결국 세상엔 없는 일이라는 걸

알았다면 그때 차라리 다 울어둘 걸

그때 이미 나라는 건

네겐 끝이었다는 건

나만 몰랐었던 이야기",Real+,2011.02.17,발라드
분홍신,아이유,"길을 잃었다 어딜 가야 할까
열두 개로 갈린 조각난 골목길
어딜 가면 너를 다시 만날까
운명으로 친다면 내 운명을 고르자면
눈을 감고 걸어도 맞는 길을 고르지
사라져버린 Summer Time
너의 두 눈이 나를 비추던
Summer Time
기다리기만 하는 내가 아냐
너를 찾아 뚜벅
내게 돌아올 Summer Time
찬 바람 불면 그냥 두 눈 감기로 해
what's the time Summer Time
움파룸파둠 두비두바둠 슬프지 않아
춤을 춘다
다시 다시
길을 찾아 떠난 갈색머리 아가씨는
다시 사랑에 빠졌고 행복했더라는
처음부터 다시 쓰는 이야기
좋은 구둘 신으면 더 좋은 데로 간다며
멈춰지지 않도록 너를 찾을 때까지
사라져버린 Summer Time
너의 두 눈이 나를 비추던 Summer Time
기다리기만 하는 내가 아냐
너를 찾아 뚜벅
내게 돌아올 Summer Time
찬 바람 불면 그냥 두 눈 감기로 해
what's the time Summer Time
움파룸파둠 두비두바둠 멈추지 않아
춤을 춘다
다시 다시
나의 발이 자꾸 발이 자꾸 맘대로
yoohoo
oh my pink shoes oh my
난난 마음 잡고 마음 잡고 제대로
yoohoo
Yah yah 좀 더 빠르게
잃어버린 내 Summer Time
낯선 시간을 헤매이다 널 찾을까
아직 길은 멀었니 겁이 나면 나는
괜히 웃어
혹시 넌 나를 잊을까
너의 시간이 내게 멈춰있길 바래
slow the time stop the time
움파룸파룸 두비두비
움파룸파룸 두비두바둠 좀 더 빠르게
달려간다
다시 다시 다시 다시",Modern Times,2013.10.08,댄스
Coin,아이유,"강자에게 더 세게 I love gamble
과감할수록 신세계 on my table
I’m sorry 세상이 원래 불공평해
So 더럽게 재미있지

Now I move I move I move I move I move
Go ahead

I don’t look no look no look no look no look
What’s in my hand

I said go

Baby 알잖아 내가 한 번 미치면
어디까지 가는지
마지막 게임이니만큼
후회 없는 실수를 저질러

I can’t die I’m all-in

Born to be gambler
배운 적 없지 even no tutor
최악의 패를 가지고 싹 쓸어
한 수 배우고 싶음 더 예의 있게 굴어

승리를 손에 꽉 잡아 말아 쥐어
Worth more than jewels
저리 가서 놀아줘
It’s no kids zone
매경기 살벌하게
난 목숨을 걸어 like a bullfight

Go vamos vamos vamos vamos vamos
Go ahead

It’s new rule new rule new rule new rule new rule
Watch your back

I said go

Baby 알잖아 내가 지금 이 판에
도대체 뭘 거는지
마지막 betting이니만큼
엉망으로 테이블을 어질러

I can’t die I’m all-in

Queen, Nicely done. My bad you lose.
구걸하지 않는 눈빛 우리 game의 rule

Come on, give it up. Wholly you lose.
끝내줄게 그만 여기서

I can’t die I’m all-in

(It’s my last
no game no more no more)

I can’t die I’m all-in

(It’s my last
no game no more no more)

I can’t die I’m all-in",IU 5th Album 'LILAC',2021.03.25,R&B/Soul
이런 엔딩,아이유,"안녕 오랜만이야
물음표 없이 참 너다운 목소리
정해진 규칙처럼
추운 문가에 늘 똑같은 네 자리
제대로 잘 먹어 다 지나가니까
예전처럼 잠도 잘 자게 될 거야
진심으로 빌게
너는 더 행복할 자격이 있어
그런 말은 하지 마 제발
그 말이 더 아픈 거 알잖아
사랑해줄 거라며 다 뭐야
어떤 맘을 준 건지 너는 모를 거야
외로웠던 만큼
너를 너보다 사랑해줄 사람
꼭 만났으면 해
내가 아니라서 미안해
주는 게 쉽지가 않아
그런 말은 하지 마 제발
그 말이 더 아픈 거 알잖아
사랑해줄 거라며 다 뭐야
어떤 맘을 준 건지 끝내 모를
솔직히 말해줄래 제발
너라면 다 믿는 거 알잖아
네 말대로 언젠가 나도
나 같은 누군가에게
사랑 받게 될까",Palette,2017.04.21,발라드
Rain Drop,아이유,"소나기가 내려온다
내 머리위로 갑자기
말도 없이 젖어버리겠네
추억이 흘러 내린다
따라 눈물도 흐른다 바보처럼
집에가는길 아직도 멀기만한데
우산도 없이 감기걸릴것만 같아
이 길이 너에게로
돌아갈수 있는 길이면
젖어도 좋은데
Oh Rain Drop Oh Rain Drop
사랑이 참 모자라구나
Oh Rain Drop Oh Rain Drop
사랑은 저 빗방울처럼
모두 까맣게 잊어버리고
젖어 버리고선
아파하는 감기같은 걸까요

지난 여름날 햇살아래 짜증내고
뒤돌아 서버린 내 어리석음
예전처럼 우산을 들고
서있는 너를 본다면
참좋을 것같아
Oh Rain Drop Oh Rain Drop
사랑이 참 모자라구나
Oh Rain Drop Oh Rain Drop
사랑은 저 빗방울처럼
모두 까맣게 잊어버리고
젖어 버리고선
아파하는 감기같은 걸까요
쉽게 내쳐버린 말
야속했던 얘기로
많이 상처받았을 네가슴 이지만
오 아직도 내가 있다면
그안에 내가 있다면
젖은 발로 달려가고만 싶어
oh rain drop oh rain drop
사랑이 참 모자라구나
oh rain drop oh rain drop
사랑은 저 빗방울처럼
정말 까맣게 잊어버리고
젖어 버리고선
아파하는 감기같은 걸까요
그런 못된 감기같은 걸까요
내사랑은 항상 왜 이럴까요",잔소리,2010.06.03,발라드
Someday,아이유,"언젠간 이 눈물이 멈추길
언젠간 이 어둠이 걷히고
따스한 햇살이 이 눈물을 말려주길
지친 내 모습이
조금씩 지겨워지는 걸 느끼면
다 버리고 싶죠
힘들게 지켜오던 꿈을
가진 것보다는
부족한 것이 너무나도 많은 게
느껴질 때마다
다리에 힘이 풀려서 난 주저앉죠
언젠간 이 눈물이 멈추길
언젠간 이 어둠이 걷히고
따스한 햇살이 이 눈물을 말려주길
괜찮을 거라고
내 스스로를 위로하며 버티는
하루하루가 날 조금씩 두렵게 만들고
나를 믿으라고 말하면서도
믿지 못하는 나는
이제 얼마나 더
오래 버틸 수 있을지 모르겠어요
기다리면 언젠간 오겠지
밤이 길어도 해는 뜨듯이
아픈 내 가슴도 언젠간 다 낫겠지
날 이젠 도와주길
하늘이 제발 도와주길
나 혼자서만 이겨내기가
점점 더 자신이 없어져요
언젠간 이 눈물이 멈추길
언젠간 이 어둠이 걷히고
따스한 햇살이 이 눈물을 말려주길
기다리면 언젠간 오겠지
밤이 길어도 해는 뜨듯이
이 아픈 내 가슴도 언젠간 다 낫겠지
언젠간 언젠간",드림하이 OST,2011.02.14,"발라드, 국내드라마"
얼음꽃 (Feat. 김세황),"아이유, 김연아","발길이 닿는 곳
하나하나 피어나
어느새 환해진 그 곳에
넘어설 무엇도
뒤쳐지는 걱정도
어느새 멀어진 그 곳에
난 그런 꿈을 꾸어요
빛날 필요없이 아름다운 나를
Dream 나 울어도
슬픈게 아니죠
아픈마음이 다 녹아내릴 뿐
나를 눈이 아닌 맘으로 봐요
그 안에서 또 피어날 나를
눈길이 없는 곳
박수갈채 없는 곳
그 곳에 홀로 서 있을 때
나만이 오롯이 나를 바라보는 곳
거기서 웃을 수 있을 때
난 그런 나를 믿어요
날 사랑해줄수 있는 내 모습을
Dream 나 울어도
슬픈게 아니죠
아픈마음이 다 녹아내릴 뿐
나를 눈이 아닌 맘으로 봐요
그 안에서 또 피어날 나를
어디까지 온건지 뒤 돌아보면
저 많은 발자국들
그걸로 됐어 난 잘 하고 있어
내 삶이니까 내 길이니까
Dream 나 울어도
슬픈게 아니죠
아픈마음이 다 녹아내릴 뿐
나를 눈이 아닌 맘으로 봐요
그 안에서 또 피어날 나를
Dream 나 손을 내밀면
놀라지 말고
날 말없이 일으켜줄래요
나와 잠시 함께 길을 걸어요
한 사람만큼 넓어진 길을",얼음꽃,2011.06.21,발라드
그대네요,"성시경, 아이유","그대네요 정말 그대네요
그 따뜻한 눈빛은 늘 여전하네요
이제야 날 봤나요
한참을 보고 있었는데
햇살이 어루만지는 그대 얼굴
꿈일지도 몰라
안녕이란 말도 나오질 않아
하고픈 말 얼마나 많았는데
꿈에서도 너만 찾았는데
너무 늦었단 그런 말은 듣기 싫은데
내 눈을 피하는 그대
내 맘이 보이나요
그대 눈빛을 난 알 수가 없어
소리 없이 나 혼자 안녕
알고 있죠
지나간 일에는
너무 힘들었죠
만약이란 없는 것 그래도 한번쯤
달려가 잡았다면
그대가 한번만 안아줬더라면
그렇게 돌아서진 않았을텐데
꿈일지도 몰라
안녕이란 말도 나오질 않아
하고픈 말 얼마나 많았는데
꿈에서도 너만 찾았는데
혹시 그대도 하루마다 힘들었다면
나를 그리워했다면
주저하지 말아요
다시 망설이다 놓칠 순 없어
떨리는 목소리로 안녕
언젠가는 꼭 만나게 될 거라고
마음을 다해 바란다면
난 믿어왔었죠
이젠 슬픔은 없을 거야
우리 다시 만나면
감사해 우연이 선물한 이 순간을
그대도 지금 입술까지 떨려온다면
눈물이 날 것 같다면
내 손을 잡아줘요
그댈 다시 안아 봐도 될까요
숨결처럼 가까이 안녕
우리의 처음처럼
안녕",그대네요,2010.09.28,발라드
시간의 바깥,아이유,"서로를 닮아 기울어진 삶
소원을 담아 차오르는 달
하려다 만 괄호 속의 말
이제야 음 음 음

어디도 닿지 않는 나의 닻
넌 영원히 도착할 수 없는 섬 같아
헤매던 날
이제야 음 음 음

기록하지 않아도
내가 널 전부 기억할 테니까

기다려
기어이 우리가 만나면,
시간의 테두리 바깥에서
과거를 밟지 않고 선다면
숨이 차게 춤을 추겠어

낮에도 밝지 않은 나의 밖
끝없는 밤 남겨진 반
넌 어떨까 나와 같을까
알 수 없음에 아파지던 맘

더 멀리 자유 그 위로 가자
내일이 우릴 찾지 못할
곳에서 기쁘게 만나
이제야 한눈에 찾지 못해도 돼
내가 널 알아볼 테니까

기다려
기어이 우리가 만나면,
시간의 테두리 바깥에서
과거를 밟지 않고 선다면
숨이 차게 춤을 추겠어

드디어
기다림의 이유를 만나러
꿈결에도 잊지 않았던
잠결에도 잊을 수 없었던
너의 이름을 불러 줄게

기다려
잃어버렸던 널 되찾으러
엉키었던 시간을 견디어
미래를 쫓지 않을 두 발로
숨이 차게 달려가겠어

긴긴 서사를 거쳐
비로소 첫 줄로 적혀
나 두려움 따윈 없어

서로를 감아 포개어진 삶
그들을 가만 내려보는 달
여전히 많아 하고 싶은 말
우리 좀 봐 꼭 하나 같아",Love poem,2019.11.01,록/메탈
푸르던,아이유,"그날 알았지 이럴 줄
이렇게 될 줄
두고두고 생각날 거란 걸
바로 알았지
까만 하늘 귀뚜라미
울음소리
힘을 주어 잡고 있던 작은 손
너는 조용히 내려
나의 가물은 곳에 고이고
나는 한참을 서서
가만히 머금은 채로 그대로
나의 여름 가장 푸르던 그 밤
그 밤
너의 기억은 어떨까
무슨 색일까
너의 눈에 비친 내 모습도
소중했을까
머리 위로 연구름이
지나가네
그 사이로 선바람이 흐르네
너는 조용히 내려
나의 가물은 곳에 고이고
나는 한참을 서서
가만히 머금은 채로 그대로
나의 여름 가장 푸르던
빗소리가 삼킨 사랑스런 대화
조그맣게 움을 트는 마음
그림처럼 묽게 번진 여름 안에
오로지 또렷한 너
너는 조용히 내려
나의 가물은 곳에 고이고
나는 한참을 서서
가만히 머금은 채로 그대로
나의 여름 가장 푸르던 그 밤
그 밤
그날 알았지 이럴 줄",CHAT-SHIRE,2015.10.23,발라드
봄 안녕 봄,아이유,"아프던 너의 이름도
이제는 미련이 아냐
하얗게 잊어버린 듯 살다가
또 한 번 마주치고 싶은 우연이지

낮게 부는 바람결이,
희미한 계절의 기척이
내게는 전혀 낯설지 않아
혹시나 하는 마음에 손을 뻗어보네

봄, 그대가 내게
봄이 되어 왔나 봐
따스하게 내 이름 불러주던
그 목소리처럼

아마 잘 지낸다는
다정한 안부인가 봐
여전히 예쁘네
안녕, 안녕

나란히 걷던 거리에
어느새 핀 꽃 한 송이
모른 척 걸음을 서두르다가
혹시나 하는 마음에 문득

봄, 그대가 내게
봄이 되어 왔나 봐
가득 차게 두 뺨을
반짝이던 편한 웃음처럼

아마 잘 지낸다는
다정한 안부인가 봐
여전히 예쁘네
안녕

매일 다른 길목에
우리 마주칠 수 있도록
나 부지런히 걸어가요
이렇게 기다릴게요

또 그대가 나를
안아 주고 있나 봐
아무 말 없이
그 품을 내어주던
지난날들처럼

더 잘 지내라는
다정한 인사인가 봐

모르지 않을게
내가 먼저 그대
알아볼게 이렇게
안녕",IU 5th Album 'LILAC',2021.03.25,발라드
자장가,아이유,"기다리지 않기로 했잖아
울지 않을 거라고 그랬잖아
너무 늦은 밤이야
오 너무 긴 이별이야

잠시만 더 이렇게 있을까
그래 잊혀져 버릴 꿈이지만
눈을 감아 마지막
잠을 재워 줄게

My lullaby
Baby sweet goodnight
무서운 꿈은 없을 거야
너의 끝나지 않는 긴긴 하루를
이제는 그만 보내주렴 음

가만히 끌어안고 있을까
어느 사이 끝나 가는 꿈이지만
마음 놓아 마지막 노랠 불러 줄게

My lullaby baby
Sweet good night
무서운 꿈은 없을 거야
너의 끝나지 않는 긴긴 슬픔을
이제는 그만 보내 주렴

잠들지 못해
지친 숨소리가 잦아들 때까지
소란한 너의 밤을 지킬게

I’ll be nearby
Baby sweet goodnight
항상 네 곁에 있을 거야
더 만날 수 없는 지난날들도
이제는 그만 놓아 주렴

My edelweiss
Baby sweet good bye
모두 잊어도 돼
다 괜찮아 괜찮아 놓아",Love poem,2019.11.18,록/메탈
애타는 마음,"울랄라세션, 아이유","너에게 눈을 뗄 수 없는 이유가
뭔지 내게 말해줘
사랑일까 이런 게 사랑일까
바로 너야
이쁜 이 장미 닮은 너야
입술이 딸기같은 거야
내 맘을 1초만에 다 뺏겨 버렸어
그래 나야
널 아껴주는 사람 나야
널 지켜주는 사람 나야
니 사랑 송두리째 다 뺏어 주겠어
어느 때보다 확실해
다른 애보다 위험해
자꾸만 눈길이 가 이상하지 나
소란해 내 심장이
쿵 쾅 뛰는 소리 커져 가
니가 다가와 주면
사랑일까 사랑이야
이런 게 사랑일까
어떡해 얼굴이
금방 새빨개진 이유가
뭔지 내게 말해줘
사랑일까 사랑이야
이런 게 사랑일까
나나나 촌스럽지만
다다다 유치하지만
애애애 애 타는 내 맘 속에 너 있어
오직 너야
수 십 번 생각해도 너야
두리번 둘러봐도 너야
내 사랑 너의 품에 다 던져 주겠어
그 누구 보다 짜릿해
너를 보면 나 아찔해
자꾸만 눈길이 와 떨려오잖아
소란해 내 심장이
쿵 쾅 뛰는 소리 커져 가
니가 다가와 주면
사랑일까 사랑이야
이런 게 사랑일까
어떡해 얼굴이
금방 새빨개진 이유가
뭔지 내게 말해줘
사랑일까 사랑이야
이런 게 사랑일까
널 바라 볼 때 설레어 올 때
내 머린 하늘까지 닿을 듯이 ol'e
우연이 운명이 된
이 순간에 말하자면
시간이 멈춘 것 같아
I'm ready for love
내 심장이 쿵 쾅 뛰는 소리 커져 가
니가 다가와 주면
사랑일까 이런 게 사랑일까
어떡해 얼굴이 금방
새빨게진 이유가
뭔지 내게 말해줘
사랑일까 사랑이야
이런 게 사랑일까
나나나 촌스럽지만
다다다 유치하지만
애애애 애 타는 내 맘 속에 너 있어",애타는 마음,2014.06.30,댄스
Into the I-LAND,아이유,"I got pushed 떠밀려 왔어
오래도 찾아 헤맨 꿈의 문 앞에
내 안에 그 작은 노래가
작은 노래가 날 여기 데려왔어

외로워도 기댈 곳 없이
괴로워도 멈춤 없이
그저 참고 견딘 시간의 의미를

이제야 나 널 만난 후에야
손잡은 후에야 그 이유를 깨달아

Yeah I’m scared 두렵긴 하지만
힘차게 뛰어가 let's just try
It’s our chance 수없이 새겨진
지난 발자국이 알아

Woah oh
친구가 되어 함께 걸어줘
Let’s just run for our lives
Woah oh
손을 내밀어 그리고 약속해
Let’s just run for our lives

Woah oh
미래의 문이 열리고 약속의 그날이 보여
You & I
We can fly
넌 또 다른 나 난 또 다른 너
Let’s just run for our lives

Woah oh
너와 내 꿈의 I-LAND
Run for your heart run for your life
너와 내 꿈의 I-LAND
Run for your heart run for your life

외로워도 기댈 곳 없이
괴로워도 멈춤 없이
내게 지구는 꼭 무인도 같았어

But right now 넌 지금 내 옆에
지금 내 옆에 함께 달리고 있어

Yeah I’m scared 떨리고 있지만
멈추지 말고 가 let's just try
It’s our chance 수없이 새겨진
지난 발자국이 알아

Woah oh
친구가 되어 함께 걸어줘
Let’s just run for our lives
Woah oh
손을 내밀어 그리고 약속해
Let’s just run for our lives

Woah oh
‘I’란 섬과 섬 사이
작은 선을 이어서 단단한 다릴 지어
Now I & I & I & I are I-LAND
너와 난 너와 난 너와 난 하나인 거야

너와 내 꿈의 I-LAND
Run for your heart run for your life
너와 내 꿈의 I-LAND
Run for your heart run for your life

Woah oh
친구가 되어 함께 걸어줘
Let’s just run for our lives
Woah oh
손을 내밀어 그리고 약속해
Let’s just run for our lives

Woah oh
꿈은 현실에 꽃피고 꽃은 불꽃 속에 빛나
You & I
We can fly
넌 또 다른 나 난 또 다른 너
Let’s just run for our lives

Woah oh
Oh
Run for your dream",I-LAND Part.1 Signal Song,2020.06.19,댄스
unlucky,아이유,"기를 쓰고 사랑해야 하는 건 아냐
하루 정도는 행복하지 않아도 괜찮아
그럼에도 역시 완벽하군 나의 여인 um

여전히 무수한 빈칸들이 있지
끝없이 헤맬 듯해
풀리지 않는 얄미운 숙제들 사이로

마치 하루하루가
잘 짜여진 장난 같아
달릴수록 내게서 달아나

Just life, we’re still good without luck
길을 잃어도 계속 또각또각 또 가볍게 걸어
(Take your time)
There’s no right 실은 모두가 울고 싶을지 몰라
슬퍼지고 싶지 않아서
화내는지도 몰라

여전히 무수한 질문들이 있지
이번에도 틀린 듯해
아주 사소한 토씨 하나의 차이로

마치 하루하루가
삐뚤은 동그라미 같아
도망쳐도 여기로 돌아와

Just life we’re still good without luck
비틀거려도 계속 또박또박 똑바르게 걸어
(Take your time)
There’s no right 때론 모두가 외로운지도 몰라
지워지고 싶지 않아서
악쓰는지도 몰라

(Lalalala la la i love ma days)
I know that life is sometimes so mean
(Lalalala la la i love ma days)
It is true. So I’m trying

난 나의 보폭으로 갈게
불안해 돌아보면서도
별 큰일 없이 지나온 언제나처럼
이번에도 그래 볼게 음

Just life we’re still cool without luck
길을 잃어도 계속 또각또각 또 가볍게 걸어
There’s no right 실은 모두가 모르는지도 몰라
어쩌면 나름대로 더디게 느림보 같은
지금 이대로 괜찮은지도 몰라",Love poem,2019.11.18,록/메탈
잼잼,아이유,"알 만한 사람끼리 이 정도 거짓말엔
속아주는 게 예의 아닌가요
될래 그깟 멍청이 뭐든 해봐요 우리
생각할 겨를조차 주지 마요
설탕이 필요해 난 몸에
나쁜 게 좀 필요해
뜨뜻미지근한 건 그만해
막 솔직하겠다고 그게 뭐라고
I need some sugar
I need something fake
진심이란 게 뭐야 난 상관 안 해
둘 다 알잖아 Limit 곧 끝날 텐데
식기 전에 날 부디 한껏 녹여줘 Babe
덮고 그 위에 다시 얹고 또다시
덮고 그 위에 다시 얹고 또다시
덮고 그 위에 다시 얹고 또다시
덮고 그 위에 다시 얹고 또다시
알 만한 사람끼리 이 정도 거짓말엔
속아주는 게 예의 아닌가요
될래 그깟 멍청이 뭐든 해봐요 우리
생각할 겨를조차 주지 마요
Jam 설탕 탕 탕 사랑 랑 랑
Jam 설탕 탕 탕 사랑 랑 랑
사랑한다고 해
입에 발린 말을 해 예쁘게
끈적끈적 절여서 보관할게
썩지 않게 아주 오래
I need some sugar
I need something fake
천연 그런 거 몰라 자극적이게
굳이 알려고 하지 말자
의미 그놈의 의미
어서 다 녹여줘 Babe
덮고 그 위에 다시 얹고 또다시
덮고 그 위에 다시 얹고 또다시
덮고 그 위에 다시 얹고 또다시
덮고 그 위에 다시 얹고 또다시
Jam 아주 형체도 알아볼 수 없게
Jam 이것 봐 온몸에 묻었어
사랑 사랑 사랑
Jam Baby make me be sweet
Baby make me so sweet baby
Jam Oh Baby make me be sweet
Baby make me so sweet
알 만한 사람끼리 이 정도 거짓말엔
속아주는 게 예의 아닌가요
될래 그깟 멍청이 뭐든 해봐요 우리
멍청이 우린
생각할 겨를조차 주지 마요
덮고 그 위에 다시 얹고 또다시
덮고 그 위에 다시 얹고 또다시
덮고 그 위에 다시 얹고 또다시
덮고 그 위에 다시 얹고 또다시",Palette,2017.04.21,댄스
정거장,아이유,"다음 정거장에서 만나게 될까
그리워했던 얼굴을
다음 파란불에는 만나게 될까
그리곤 했던 풍경을

해는 정해진 시간에 떨어지고
거리는 비어 가는데
단 한 사람 어제와 같은 그 자리
떠날 줄을 모르네

투둑투둑 무심하게 빗줄기 세로로 내리고
빗금을 따라 무거운 한숨 떨어지는데

다음 정거장에서 만나게 될까
그리워했던 사람을
다음 파란불에는 만나게 될까
그리곤 했던 얼굴을

한 뼘 한 뼘 머리 위로 꽃노을 발갛게 번지고
황혼을 따라 춤추는 그늘 길어지는데

다음 정거장에서 만나게 될까
그리워했던 바람을
다음 파란불에는 만나게 될까
그리곤 했던 기억을

아님 이다음 세상에나 닿을까
떠난 적 없는 그곳을",조각집,2021.12.29,포크/블루스
잠 못 드는 밤 비는 내리고,아이유,"창밖을 보면 비는 오는데
괜시리 마음만 울적해
울적한 마음을 달랠 수가 없네
잠도 오지 않는 밤에
슬픈 노래는 듣고 싶지 않아
내 마음속에 잠들어있는
네가 다시 나를 찾아와
나는 긴긴밤을 잠 못 들 것 같아
창밖에 비가 내리면
우두커니 창가에 기대어 앉아
기타를 퉁기며 노래를 불렀지
네가 즐겨듣던 그 노래
창밖을 보면 비는 오는데
괜시리 마음만 울적해
울적한 마음을 달랠 수가 없네
잠도 오지 않는 밤에
이젠 나의 희미한 기억 속에
너는 점점 더 멀어져 가고
너의 슬픈 미소만이 나의 마음속에
가득 남아 흐르고 있어
이렇게 비가 오는 밤이면
너는 나를 더욱 슬퍼지게 해
언제나 즐겨듣던 그 노래가
내 귓가에 아직 남아있는데
이렇게 비가 오는 밤이면
내 지친 그리움으로 널 만나고
이 비가 그치고 나면
난 너를 찾아 떠나갈 거야
두 눈을 감고 잠을 청해도
비 오는 소리만 처량해
비 오는 소리에 내 마음 젖었네
잠도 오지 않는 밤에
이젠 나의 희미한 기억 속에
너는 점점 더 멀어져 가고
너의 슬픈 미소만이 나의 마음속에
가득 남아 흐르고 있어
이렇게 비가 오는 밤이면
너는 나를 더욱 슬퍼지게 해
언제나 즐겨듣던 그 노래가
내 귓가에 아직 남아있는데
이렇게 비가 오는 밤이면
내 지친 그리움으로 널 만나고
이 비가 그치고 나면
난 너를 찾아 떠나갈 거야
비가 오는 밤이면
내 지친 그리움으로 널 만나고
비가 그치고 나면
난 너를 찾아 떠나갈 거야",꽃갈피 둘,2017.09.22,발라드
미아,아이유,"우리 둘 담아 준 사진을 태워
하나 둘 모아 둔 기억을 지워
그만 일어나 가야 하는 걸
너무 잘 알고 있는데
왜 난 주저 앉고 마는지
쏟아지는 빗물은
날 한치 앞도 못 보게 해
몰아치는 바람은
단 한 걸음도 못 가게 해
벼랑 끝에 서 있는 듯이
난 무서워 떨고 있지만
작은 두 손을 모은
내 기도는 하나 뿐이야 돌아와

이제는 눈물도 나오지 않아
울먹일 힘마저 없는것 같아
우리 이별이 꿈이 아닌 걸
너무 잘 알고 있는데
왜 난 깨어나길 비는지
쏟아지는 빗물은
날 한치 앞도 못 보게 해
몰아치는 바람은
단 한 걸음도 못 가게 해
벼랑 끝에 서 있는 듯이
난 무서워 떨고 있지만
작은 두 손을 모은
내 기도는 하나 뿐이야
아픈 내 가슴도 깊은 상처들도
나쁜 널 미워하는데
사진을 태우고 기억을 지워도
널 잊을 수 없나 봐 사랑해
쏟아지는 빗물은
날 한치 앞도 못 보게 해
몰아치는 바람은
단 한 걸음도 못 가게 해
벼랑 끝에 서 있는 듯이
난 무서워 떨고 있지만
작은 두 손을 모은
내 기도는 하나 뿐이야
돌아와 돌아와",Lost And Found,2008.09.23,발라드
러브레터,아이유,"골목길 머뭇하던 첫 안녕을 기억하오
그날의 끄덕임을 난 잊을 수 없다오

길가에 내린 새벽 그 고요를 기억하오
그날의 다섯시를 난 잊을 수 없다오

반듯하게 내린 기다란 속눈썹 아래
몹시도 사랑히 적어둔 글씨들에

이따금 불러주던 형편없는 휘파람에
그 모든 나의 자리에 나 머물러 있다오


아끼던 연필로 그어놓은 밑줄 아래
우리 둘 나란히 적어둔 이름들에

무심한 걱정으로 묶어주던 신발끈에
그 모든 나의 자리에 나 머물러 있다오

좋아하던 봄 노래와 내리는 눈송이에도
어디보다 그대 안에 나 머물러 있다오

나 머물러 있다오 그대 울지 마시오",조각집,2021.12.29,발라드
복숭아,아이유,"자꾸 눈이 가네 하얀 그 얼굴에
질리지도 않아 넌 왜
슬쩍 웃어줄 땐 나 정말 미치겠네
어쩜 그리 예뻐 babe
뭐랄까 이 기분
널 보면 마음이 저려오네 뻐근하게
오 어떤 단어로 널 설명할 수 있을까
아마 이 세상 말론 모자라
가만 서 있기만 해도 예쁜 그 다리로
내게로 걸어와 안아주는
너는 너는 너
You know he's so beautiful
Maybe you will never know
내 품에 숨겨두고 나만 볼래
어린 마음에 하는 말이 아니야
꼭 너랑 결혼할래
오 어떤 단어로 널 설명할 수 있을까
아마 이 세상 말론 모자라
가만 서 있기만 해도 예쁜 그 다리로
내게로 걸어와 안아주는
너는 너는 너
몇 번을 말해줘도 모자라
오직 너만 알고 있는
간지러운 그 목소리로
노래 부를 거야
나 나 나 나 나 나 나 나 나
자꾸 맘이 가네 나 정말 미치겠네",스무 살의 봄,2012.05.11,발라드
미리 메리 크리스마스 (Feat. 천둥 Of MBLAQ),아이유,"하얀 눈이 내려올 때면
온 세상이 물들을 때면
눈꽃이 피어나 또 빛이 나
눈이 부신 너처럼
Yeah girl
you should know that
That my heartbeats like
Huh Huh Huh Huh
From the bottom of my heart
I thank god I found you
쿵쿵 가슴이 왜 이렇게 가쁘니 yeah
꾹꾹 참아도
자꾸 네 생각이 나잖아 oh
You You I love you
and I know you love me too
네가 내게 불러 준
You're my boo
You 아직 꿈만 같아
And you 마치 선물 같아
For you 네 품에 안겨도
늘 불안불안 해 꿈처럼 깰까 봐
You 꼭 안아 줘야만 해
And you 아껴 줘야만 해
For you 큰 맘 먹고 네 꺼 돼준 걸
하늘에게 감사해
하얀 눈이 내려올 때면
온 세상이 물들을 때면
눈꽃이 피어나 또 빛이 나
눈이 부신 너처럼
사랑할 수 밖에 없어서
사랑한 네 손 잡고서
첫 눈 위를 걸어 발자국을 새겨
이 길 끝까지 걸어 갈 거야
With you
You 혹시 알고 있니
And you 느낄 수가 있니
For you 늘 자랑하고픈
네 여자친구가 되고만 싶은 걸
You 전부 다 주고 싶어
And you 잘 해주고 싶어
For you 다음 그 다음 해 겨울도
너의 곁에 있을게
하얀 눈이 내려올 때면
온 세상이 물들을 때면
눈꽃이 피어나 또 빛이 나
눈이 부신 너처럼
사랑할 수 밖에 없어서
사랑한 네 손 잡고서
첫 눈 위를 걸어 발자국을 새겨
이 길 끝까지 걸어 갈 거야
With you
매일 매일 너 때문에 행복해
다른 누구 아닌 나를
모두 가질 너만이 My love
나도 믿기지 않아
지금 네가 내 옆에
이렇게 손 꼭 잡은 채 걷는다는 게
하얀 눈보다 더 뽀얀 네 볼에
키스해줄게 Baby
빨갛게 물들게 Baby
다가오는 크리스마스에는
기다리는 그 날만큼은
네 곁에 있을래
하루 종일 미리 미리 약속해
사랑할 수 밖에 없어서
사랑한 네 손 잡고서
첫 눈 위를 걸어 발자국을 새겨
이 길 끝까지 걸어 갈 거야
With you
Girl you know
I can't even think without you
in my life
Yeah Yeah I know that you know
That's my baby",Real,2010.12.09,댄스
에필로그,아이유,"나를 알게 되어서 기뻤는지
나를 사랑해서 좋았었는지
우릴 위해 불렀던 지나간 노래들이
여전히 위로가 되는지

당신이 이 모든 질문들에
‘그렇다’ 고 대답해준다면
그것만으로 끄덕이게 되는 나의 삶이란
오, 충분히 의미 있지요

내 맘에 아무 의문이 없어 난
이렇게 흘러가요
어디에도 없지만 어느 곳에나 있겠죠
가능하리라 믿어요

짧지 않은 나와의 기억들이
조금은 당신을 웃게 하는지
삶의 어느 지점에 우리가 함께였음이
여전히 자랑이 되는지

멋쩍은 이 모든 질문들에
‘그렇다’ 고 대답해준다면
그것만으로 글썽이게 되는 나의 삶이란
오, 모르겠죠 어찌나 바라던 결말인지요

내 맘에 아무 의문이 없어 난
이 다음으로 가요
툭툭 살다보면은 또 만나게 될 거예요
그러리라고 믿어요

이 밤에 아무 미련이 없어 난
깊은 잠에 들어요
어떤 꿈을 꿨는지 들려줄 날 오겠지요
들어줄 거지요?",IU 5th Album 'LILAC',2021.03.25,발라드
마쉬멜로우,아이유,"마쉬멜로우
말랑말랑 말랑말랑해
넌 특별해 완벽해 비교
분석 해봐도
다른 애들과는 다르지
달라 달라 boy
난 한심해 부족해 너에게서
떨어져 oh
바라 보기만 하는 바보지
내가 왜 이럴까 너만 생각하다
라랄라랄라라 날아 올라
바로 그때 어떡해 뚜벅뚜벅
니가 걸어와
불라불라 얘기를 하지 wow
무슨 말을 해도 들리지가 않아
째깍째깍 시간이 stop
마쉬멜로우 마쉬멜로우
달콤해서 너무 좋아
마쉬멜로우 마쉬멜로우
사랑이란 이런 걸까
말랑말랑 말랑해 너무
너무나 말랑해
girl girl baby girl
clap clap that ready girl
젤리처럼 통통해 쿠키처럼
촉촉해
boy boy baby boy boy
난 소심해 고민해 너를
떠올릴 때면
얼굴이 새빨게 지는 아이인걸
내가 왜 이럴까 너만 상상하다
라랄라랄라라 날아 올라
바로 그때 어떡해 두근두근
니가 다가와
사귀자고 대쉬를 하지
어떡해 어떡해
너의 목소리만 듣고 싶어 정말
가만가만 모두다 쉿
마쉬멜로우 마쉬멜로우
달콤해서 너무 좋아
마쉬멜로우 마쉬멜로우
사랑이란 이런 걸까
말랑말랑 말랑해 너무
너무나 말랑해
girl girl baby girl
clap clap that ready girl
젤리처럼 통통해 쿠키처럼
촉촉해
boy boy baby boy boy
꿈을 꿨나봐 눈을 뜨니까
거짓말 처럼 다 사라져
난 만날꺼야 다시 잘꺼야 몰라
마쉬멜로우 마쉬멜로우
달콤해서 너무 좋아
마쉬멜로우 마쉬멜로우
사랑이란 이런 걸까
말랑말랑 말랑해 너무
너무나 말랑해
girl girl baby girl
clap clap that ready girl
젤리처럼 통통해 쿠키처럼
촉촉해
boy boy baby boy boy
marshmallow",IU...IM,2009.11.12,댄스
Zeze,아이유,"흥미로운 듯
씩 올라가는 입꼬리 좀 봐
그 웃음만 봐도 알아
분명히 너는 짓궂어
아아 이름이 아주 예쁘구나
계속 부르고 싶어
말하지 못하는
나쁜 상상이 사랑스러워
조그만 손가락으로
소리를 만지네
간지러운 그 목소리로
색과 풍경을 노래 부르네 Yeah
제제 어서 나무에 올라와
잎사귀에 입을 맞춰
장난치면 못써
나무를 아프게 하면 못써 못써
제제 어서 나무에 올라와
여기서 제일 어린잎을 가져가
하나뿐인 꽃을 꺾어가
Climb up me
Climb up me
꽃을 피운 듯
발그레해진 저 두 뺨을 봐
넌 아주 순진해
그러나 분명 교활하지
어린아이처럼 투명한 듯해도
어딘가는 더러워
그 안에 무엇이 살고 있는지
알 길이 없어
당장에 머리 위엔
햇살을 띄우지만
어렴풋이 보이는
너의 속은 먹구름과 닿아있네 Oh
제제 어서 나무에 올라와
잎사귀에 입을 맞춰
장난치면 못써
나무를 아프게 하면 못써 못써
제제 어서 나무에 올라와
여기서 제일 어린잎을 가져가
하나뿐인 꽃을 꺾어가
Climb up me
Climb up me
한 번 더 닿고 싶어
여기서 매일 너를 기다려
전부 가지러 오렴
다시 부르고 싶어
여기서 매일 너를 기다려
얄밉게 돌아가도
내일 밤에 또 보러 올 거지
제제 어서 나무에 올라와
잎사귀에 입을 맞춰
장난치면 못써
나무를 아프게 하면 못써 못써
제제 어서 나무에 올라와
여기서 제일 어린잎을 가져가
하나뿐인 꽃을 꺾어가
Climb up me
Climb up me",CHAT-SHIRE,2015.10.23,댄스
사랑이 지나가면,아이유,"그 사람 나를 보아도 나는 그
사람을 몰라요
두근거리는 마음은 아파도 이젠
그대를 몰라요
그대 나를 알아도 나는 기억을
못합니다
목이 메어와 눈물이 흘러도 사랑이
지나가면
그렇게 보고 싶던 그 얼굴을 그저
스쳐 지나면
그대의 허탈한 모습 속에 나 이젠
후회 없으니
그대 나를 알아도 나는 기억을
못합니다
목이 메어와 눈물이 흘러도 사랑이
지나가면
그렇게 보고 싶던 그 얼굴을 그저
스쳐 지나면
그대의 허탈한 모습 속에 나 이젠
후회 없으니
그대 나를 알아도 나는 기억을
못합니다
목이 메어와 눈물이 흘러도 사랑이
지나가면
사랑이 지나가면
사랑이 지나가면",꽃갈피,2014.05.16,발라드
너,아이유,"아득히 떨어진 곳에서
아무 관계없는 것들을 보며
조금 쓸쓸한 기분으로
나는 너를 보고픈 너를 떠올린다

아 애달프다 일부러 그러나
넌 어떨까 오늘도 어여쁜가 너 너

어딘가 너 있는 곳에도
여기와 똑같은 하늘이 드나
문득 걸음이 멈춰지면
그러면 너도 잠시 나를 떠올려 주라

다 너 같다 이리도 많을까
뜨고 흐르고 설키고 떨어진다 너 너

아득히 떨어진 곳에서
끝없이 흐노는 누구를 알까
별 하나 없는 새카만 밤
나는 너를 유일한 너를 떠올린다",조각집,2021.12.29,포크/블루스
그 사람,아이유,"그 사람 돌아보지 않아요
사랑에 약속하지 않고요
매일을 춤추듯이 살아서
한순간도 그에게 눈 뗄 수 없었나 봐요

그 사람 부끄러워 않아요
쉬운 농담에 쉬이 웃지 않고요
그러다 한 번 웃어 주면
아, 난 어쩌지 못하고 밤새 몸달아 했어요

오 날 살게 하던 총명한 말 마디마디
겨우 미워해 봐도 잊혀지진 않네요

발자국 하나 안 두고
어디로 바삐 떠나셨나요

Why do i still love you
Why do i sing about you
Why do i still wait for you
Sing about you say love you
Baby i love you
Why i love you why you

오 날 덥게 하던
따뜻한 손 마디마디
애써 밀어내 봐도 떨쳐지지 않아요

그림자 한 뼘 안 주고
어찌 숨 가삐 떠나셨나요

그 사람 마주친 적 있나요
여전히 그렇게 그 던가요
지금쯤 어디서 어느 누구, 어떤 음악에
고고히 춤추고 있을까요

Why do i still love you
Why do i sing about you
Why do i still wait for you
Sing about you Say love you
Baby i love you
why i love you why you",Love poem,2019.11.18,록/메탈
돌림노래 (Feat. DEAN),아이유,"죄책감 없이 밤늦게 전화해도 돼
(그 다음 날) 기억도 못 할 헛소릴 뱉어도 돼
(아무때나) 예고 없이 찾아와
나의 하루를 망쳐도 돼
이런 맘을 사랑이라고 부르고 싶지는 않아

우린 가장 최악의 구간을 맴돌아

We’re lost in a circle
이 지겨운 돌림노래
꼬리에 꼬리를 물어 도무지 끝이 안 나

Too easy and so simple (rolly rolly rolly roll)
별생각 없이 가볍게 (rolly rolly rolly roll)

이 짓을 이어가
머릿속엔 온종일 한 곡만 streaming

알잖아 you’re my favorite
하지만 나는 ex-boy friend
선 넘을 뻔 했던 건 인정해
근데 이제 아홉 번째
baby tell me something
이렇게 그냥 나의 옆에 누워있을 때 너는 어때
네 맘은 여전해?

우린 가장 최악의 구간을 맴돌아

We’re lost in a circle
이 지겨운 돌림노래
꼬리에 꼬리를 물어 도무지 끝이 안 나

Too easy and so simple (rolly rolly rolly roll)
별 생각 없이 가볍게 (rolly rolly rolly roll)

이 짓을 이어가
머릿속엔 온종일 한 곡만 streaming

너도 느끼지 우리 참 일관적으로 별로야
너는 너답게 나는 나답게

얼마든지 나빠도 괜찮아
너의 뒷모습을 더 사랑하니까

We’re lost in a circle
이 지겨운 돌림노래
꼬리에 꼬리를 물어 도무지 끝이 안 나

Too easy and so simple (rolly rolly rolly roll)
별 생각 없이 가볍게 (rolly rolly rolly roll)

이 짓을 이어가
머릿속엔 온종일 한 곡만 streaming",IU 5th Album 'LILAC',2021.03.25,R&B/Soul
매일 그대와,아이유,"매일 그대와 아침 햇살 받으며
매일 그대와 눈을 뜨고파
매일 그대와 도란 도란 둘이서
매일 그대와 얘기하고파
새벽비 내리는 거리도
저녁노을 불타는 하늘도
우리를 둘러싼 모든 걸
같이 나누고파
매일 그대와 밤의 품에 안겨
매일 그대와 잠이 들고파
매일 그대와
새벽비 내리는 거리도
저녁노을 불타는 하늘도
우리를 둘러싼 모든 걸
같이 나누고파
매일 그대와 아침 햇살 받으며
매일 그대와 눈을 뜨고파 정말
매일 그대와 진짜
잠이 들고파 몹시
매일 그대와 엄청
얘기 하고파 정말
매일 그대와
매일 그대와",꽃갈피 둘,2017.09.22,포크/블루스
첫 이별 그날 밤,아이유,"멍하니 아무 일도 할 일이 없어

이게 이별인 거니

전화기 가득 찬 너와의 메시지만

한참 읽다 읽다

너의 목소리 마치 들린 것 같아

주위를 둘러보면

내 방엔 온통 너와의 추억투성이

이제야 눈물이

수고했어 사랑 고생했지 나의 사랑

우리 이별을 고민했던 밤

서로를 위한 이별이라고

사랑했단 너의 말을 믿을게



혹시 너무 궁금해

혹시 너무 그리우면

꼭 한 번만 보기로 해



너의 뒷모습 사라질 때까지

봤어 마지막이라서

나 먼저 떠나면

어깨 들썩여 우는

내 뒷모습 싫어서

수고했어 사랑 고생했지 나의 사랑

우리 이별을 고민했던 밤

서로를 위한 이별이라고

사랑했단 너의 말을 믿을게



혹시 너무 궁금해

혹시 너무 그리우면

꼭 한 번만 보기로 해



좀더 예뻐져도 훨씬 더 세련되져도

후회하지 마 나를 놓친걸

누군가 딴 사람 만나면

내게 들리도록 막 자랑해줘



그때서야 끝낼게

내게 돌아올지 모를

너를 꿈꾸는 그 밤을

할말 끝 안녕 내 사랑",Real,2010.12.09,발라드
Flu,아이유,"Doc, I’m feeling bad
미열이 흐르고 또 어질어질해
there’s too much pain
식은땀이 흘러 온몸이 끈끈해

엉망이 될 것만 같은 끔찍한 예감이 들어
귓가엔 마지막 경고 같은 이명이 들려
Hold on a sec, oh damn, I got a bad flu

믿을 수가 없어
오 이런, 바보 같이
또 사랑에 빠져
힐끗힐끗 눈을 맞추면 I’m very embarrassed
온몸에 퍼지는 virus
난 더운 숨을 몰아 쉬어
쓰러질 때까지

후후후후후 후후후후후후
이 고통은 마치
Flu hu huhuhu flu flu hu hu hu
오 이런 바보 같이

I have no plan
시름시름 한참 널 앓을 수밖에
Irony해
내 마음은 쿡 찌르르 아픈데

입가엔 제멋대로 미묘한 웃음이 흘러
Hold on a sec, oh damn I got a bad flu

믿을 수가 없어
오 이런, 바보 같이
또 사랑에 빠져
힐끗힐끗 눈을 맞추면 I’m very embarrassed
온몸에 퍼지는 virus
난 더운 숨을 몰아 쉬어
쓰러질 때까지

후후후후후 후후후후후후
이 고통은 마치
Flu hu huhuhu flu flu hu hu hu
오 이런 바보 같이

안간힘을 다해봐도
이제 더는 무리일 걸
완전히 진 기분이 들어

피할 수가 없어
뜻밖의 사고 같이
또 사랑에 빠져
아슬아슬 다가가 위태로운 Everest
심장에 울리는 siren
사나운 숨을 몰아 쉬어
쓰러질 때까지

후후후후후 후후후후후후
이 고통은 마치
Flu hu huhuhu flu flu hu hu hu
오 이런 바보 같이

후후후후후 후후후후후후
이 고통은 마치
Flu hu huhuhu flu flu hu hu hu
오 이런 바보 같이",IU 5th Album 'LILAC',2021.03.25,댄스
소격동,아이유,"나 그대와 둘이 걷던
그 좁은 골목계단을 홀로 걸어요
그 옛날의 짙은 향기가
내 옆을 스치죠
널 떠나는 날 사실 난
등 밑 처마 고드름과 참새소리
예쁜 이 마을에 살 거예요
소격동을 기억하나요
지금도 그대로 있죠
아주 늦은 밤 하얀 눈이 왔었죠
소복이 쌓이니 내 맘도 설레었죠
나는 그 날 밤 단 한숨도 못 잤죠
잠들면 안돼요
눈을 뜨면 사라지죠
어느 날 갑자기 그 많던 냇물이
말라갔죠
내 어린 마음도 그 시냇물처럼
그렇게 말랐겠죠
너의 모든 걸 두 눈에 담고 있었죠
소소한 하루가 넉넉했던 날
그러던 어느 날 세상이 뒤집혔죠
다들 꼭 잡아요
잠깐 사이에 사라지죠
잊고 싶진 않아요
하지만 나에겐
사진 한 장도 남아있지가 않죠
그저 되뇌이면서 되뇌이면서
나 그저 애를 쓸 뿐이죠
아주 늦은 밤 하얀 눈이 왔었죠
소복이 쌓이니 내 맘도 설레었죠
나는 그 날 밤 단 한숨도 못 잤죠
잠들면 안돼요
눈을 뜨면 사라지죠",소격동,2014.10.02,일렉트로니카
Mother Nature (H₂O),"아이유, 강승원","꿈. 기도. 달빛 되어 내린 눈물
너. 나. 이제 잠을 청해 본다

잠자던 나의 모성애가 깨어나고 있어
널 보면 내 품에 안아주고 싶어
너의 찌질한 모습 내겐 귀엽기만 해
내 마음은 온통 너로 가득차 있어

내가 니가 되고 그리고
니가 내가 되는 지금
우리는 서로 사랑을 하고 있어
너의 모습이 그냥 그대로 보여진다 해도
이대로 변하지 말았으면 해

산소와 수소가 만나면 폭발을 해
니 마음이 내 맘에 들어와도
마음과 마음이 만나면 떠오르지
어디 한번 날아볼까

달빛이 가득한 구름 위로 날아보자, 좀 무섭지만
보인다 우리가 선택한 길
저 끝까지 손 잡아줄래

꿈. 기도. 달빛 되어 내린 눈물
밤. 사랑. 동쪽하늘 붉어온다
너. 나. 이제 잠을 청해본다

잠자던 나의 모성애가 깨어나고 있어,
널 보면 내 품에 안아주고 싶어
너의 찌질한 모습 내겐 귀엽기만 해
내 마음은 온통 너로 가득차 있어
내 마음은 온통 너로 가득차 있어",강승원 이집 PART.3 - Mother Nature (H₂O),2022.01.27,발라드
달빛바다,"아이유, 피에스타","Yeah It's summer
어디라도 좋아
Falling love
오늘은 기어코 어디든지 가보자
이 여름 다 가기 전에 워우예에
물결이 들리고
풀이 많은 곳이 어때
솔직히 너랑은 어디라도 난 좋아
달빛바다 닮은 저 하늘
조각배처럼 예쁜 저 별들
Only for you
달빛 한 스푼
별빛 두 방울을
우리 추억에 담는 이 여름
달빛바다
Hey You
Just a feeling
Just a dreaming
바람을 따라서 가는거야
All right
내일은 기어코 다른 데서 눈 뜨자
젤 먼저 해 뜨는 데서
워우예에 어어어
부서진 파도에 무지개도 볼지 몰라
솔직히 너랑은 무얼 봐도 난 좋아
달빛바다 닮은 저 하늘
조각배처럼 예쁜 저 별들
Only for you
달빛 한 스푼
별빛 두 방울을
우리 추억에 담는 이 여름
달빛바다
Beautiful moon night
시원한 바다로 함께
떠나 보는건 어때 Yes
너와 함께라면 OK
내년 여름에도 우린 함께일거야
두 손을 꼭 잡고
오늘 얘길 나누게 될 걸
물빛하늘 닮은 저 바다
구름같은 파도가 밀려와
Only for you
여름마다 쌓인 추억들이
걸음마다 밟히는 이 여름
달빛바다",LOEN TREE Summer Story,2012.08.02,댄스
첫사랑이죠,"아이유, 나윤권","어쩜 우리 어쩜 지금 어쩜 여기
둘이 됐을까요
흐르는 시간 별처럼 많은 사람 속에
내 마음 속 내 눈 가득
온통 그대 소복소복 쌓여요
차가운 손끝까지
소리 없이 따뜻해 지나봐
말하지 않아도
우리 마주 본 두 눈에 가득 차 있죠
이젠 그대 아플 때
내가 이마 짚어줄 거예요
겁내지 말아요
우리 꿈처럼 설레는 첫사랑이죠
조심스럽게 또 하루하루 늘
차곡차곡 사랑할게요
그대 얼굴 그 목소리 떠올리면
발그레해지는 맘
하얗게 얼어있던 추운 하루
녹아내리나봐
보이지 않아도
우리 마주 쥔 두 손이 참 따뜻하죠
그대 잠 못 드는 밤
내가 두 볼 감싸줄 거예요
서로를 믿어요
우리 별처럼 반짝일 첫사랑이죠
두근거려도 또 한발 한발
좀 더 가까이
반가운 첫눈처럼 나에게 온
그대와 첫 입맞춤을 하고파
들려요 그대 마음
세상엔 우리 둘 뿐 인가봐
말하지 않아도 우리 마주 본
두 눈에 가득 차 있죠
이젠 그대 아플 때
내가 이마 짚어줄 거예요
겁내지 말아요
우리 꿈처럼 설레는 첫사랑이죠
조심스럽게 또 하루하루 늘
차곡차곡 사랑할게요

You're my first love",첫사랑이죠,2010.01.12,발라드
우울시계 (Feat. 종현 Of SHINee),아이유,"우울하다 우울해 지금
이 시간엔 우울하다
우울하다 우울해 지금이
몇 시지 열한 시 반
우울하다 우울해 또
우울시계가 째깍째깍
우울하다 우울해 라면
왜 먹었지 살 찌겠네
비가 온다 비가 와
끈적거리게 자꾸 비가 와
잠이 온다 잠이 와 그냥
세상 만사 귀찮아
시간이 흐르면 가슴 찢어지던
이별도
시간이 흐르면 이불 걷어찰
어린 기억도
잊혀진다 잊혀져 그냥저냥
휙휙 지나 가
잊혀진다 잊혀져 그땐 그게
전분 줄 알았는데
시간이 흐르면 지금 이리
우울한 것도
시간이 흐르면 힘들다
징징댔던 것도
한때란다 한때야 날카로운
감정의 기억이
무뎌진다 무뎌져 네모가
닳아져 원이 돼
우울하다 우울해 무뎌져 가는 게
우울하다
씁쓸하다 씁쓸해 한약을 달여
마신 듯 씁쓸
우울하다 우울해 별 것도 아닌데
우울하다
우울하다 우울해 우울우울 열매
먹은 듯 우울",Modern Times - Epilogue,2013.12.20,록/메탈
Boo,아이유,"Think about it I U
Check it check I U
Boo boo boo True color present
내가 별로라는
외몰 갖고 있는 너라고
많이 안 좋아하는 버릇도
모조리 다 갖추고 있어
어쩜 스치기만 해도
엄청나게 싫은 얼굴로
널 쳐다봤어
네가 여자친구 없는 이율 알겠어
다른 애들보다 조금 수준 떨어져
하지만 며칠 뒤에
어느새 나도 모르게
거짓말처럼
You are my boo
내게 사랑을 줘 한 입만
Boo 맛있는 사랑을 할 거야
Boo 아이스크림보다 달콤한
My boo My my boo
언제나 나는
난 너만 사랑하고파
그냥 그냥 네 곁에만 있고파
아무 아무 것도 난 필요 없는 걸
My boo My my Boo boo
괜히 콧대 높고
쓸데 없이 눈만 높아서
나를 지나만 가는 남자도
모조리 다 점수를 매겨
이러네 저러네 말하고
꼼꼼하게 흠을 잡아도
좀 외로웠어
내가 남자친구 없는 이율 알겠어
다른 애들보다 너무 재기만 했어
하지만 며칠 뒤에 어느새
나도 모르게 거짓말처럼
You are my boo
내게 사랑을 줘 한 입만
Boo 맛있는 사랑을 할 거야
Boo 아이스크림보다 달콤한
My boo My my boo
언제나 나는
난 너만 사랑하고파
그냥 그냥 네 곁에만 있고파
아무 아무 것도 난 필요 없는 걸
My boo My my boo Boo
햇살이 좋은 날에
살짝 바람 부는 날에
단 둘이 단 둘이 네 손을 꼭 잡고
걷고 싶은 게 간절하니깐
너무나 신기해 You're my boy
You are my boo
하나만 물어보고 싶어
boo 내맘과 니맘이 같다면
boo 지금부터 나를 불러줘
My boo My my boo
언제나 나는
난 너만 사랑하고파
그냥 그냥 네 곁에만 있고파
아무 아무 것도 난 필요 없는 걸
My boo My my boo Boo boo",Growing Up,2009.04.23,댄스
삐에로는 우릴 보고 웃지,아이유,"빨간 모자를 눌러쓴
난 항상 웃음 간직한 삐에로
파란 웃음 뒤에는
아무도 모르는 눈물
초라한 날 보며 웃어도
난 내 모습이 너무 아름다워
모두들 검은 넥타이
아무 말도 못하는 걸
사람들은 모두 춤추며 웃지만
나는 그런 모습 싫어
술 마시며 사랑 찾는 시간 속에
우리는 진실을 잊고 살잖아
난 차라리 웃고 있는 삐에로가 좋아
난 차라리 슬픔 아는 삐에로가 좋아
초라한 날 보며 웃어도
난 내 모습이 너무 아름다워
모두들 검은 넥타이
아무 말도 못하는 걸
사람들은 모두 춤추며 웃지만
나는 그런 모습 싫어
술 마시며 사랑 찾는 시간 속에
우리는 진실을 잊고 살잖아
난 차라리 웃고 있는 삐에로가 좋아
난 차라리 슬픔 아는 삐에로가 좋아
난 차라리 웃고 있는 삐에로가 좋아
난 차라리 슬픔 아는 삐에로가 좋아
난 차라리 웃고 있는 삐에로가 좋아
난 차라리 슬픔 아는 삐에로가 좋아
난 차라리 웃고 있는 삐에로가 좋아",꽃갈피,2014.05.16,댄스
Someday,아이유,"언젠간 이 눈물이 멈추길
언젠간 이 어둠이 걷히고
따스한 햇살이 이 눈물을 말려주길
지친 내 모습이
조금씩 지겨워지는 걸 느끼면
다 버리고 싶죠
힘들게 지켜오던 꿈을
가진 것보다는
부족한 것이 너무나도 많은 게
느껴질 때마다
다리에 힘이 풀려서 난 주저앉죠
언젠간 이 눈물이 멈추길
언젠간 이 어둠이 걷히고
따스한 햇살이 이 눈물을 말려주길
괜찮을 거라고
내 스스로를 위로하며 버티는
하루하루가 날 조금씩 두렵게 만들고
나를 믿으라고 말하면서도
믿지 못하는 나는
이제 얼마나 더
오래 버틸 수 있을지 모르겠어요
기다리면 언젠간 오겠지
밤이 길어도 해는 뜨듯이
아픈 내 가슴도 언젠간 다 낫겠지
날 이젠 도와주길
하늘이 제발 도와주길
나 혼자서만 이겨내기가
점점 더 자신이 없어져요
언젠간 이 눈물이 멈추길
언젠간 이 어둠이 걷히고
따스한 햇살이 이 눈물을 말려주길
기다리면 언젠간 오겠지
밤이 길어도 해는 뜨듯이
이 아픈 내 가슴도 언젠간 다 낫겠지
언젠간 언젠간",드림하이 OST Part.1,2011.01.03,-
(Bonus Track) Voice Mail (Korean Ver.),아이유,"어쩌면 아니길 바랬나 봐
얼마 전부터 밤낮으로 날 괴롭히는
두근거림
덕분에 나 어제는 한숨도 못 잤어
미안 아마 너도 느꼈을 거야
어설프게 감추며 네 주윌 맴돌던
내 모습이 네게
많이 거슬렸다면 사과할게
사실은 지금도
할 수만 있다면 계속 부정하고 싶다
근데 솔직히 조금은
헷갈리게 만든 네 책임도 있는 거 아냐
늦은 밤 진동 소리에
은근한 목소리로 나를 깨웠잖아
아침은 꼭 먹고 다니라며
다정했던 걱정 정말 넌 아무 뜻도없었냐
걱정 마 심각한 수준은 아냐
네게 심심풀이 땅콩이라도 좋다느니
뭐 그런 얘기 아냐
잠깐 이러다 알아서 정리할게
녹음 시간은 벌써
2분 30초가 막 넘어가고 있네
사실 더 할 말도 없어
어차피 아무 대책 없이 그냥 한 번
질러본 거니까
참 끝까지 초라하다
나 왜 이렇게 한심하니
이런 건 아닌데
답장을 못내 기다릴 텐데
역시 아니라면 난 아니라면
네가 아니면 뭐 아닌 거지 뭐
아닌 거지 뭐",Modern Times,2013.10.08,록/메탈
Modern Times,아이유,"유쾌한 걸음 새까만 콧수염
어딜 바삐 가나 또 뭔 일이
시계토끼처럼 늘 급한 얼굴로
나를 지나쳐 가요
난 그댈 알아 그댄 날 몰라
늘 같은 시간 우린 같은 길을 걷는데
시간 좀 내요 얘기 좀 해요
한 마디 없이 꼭 다문 입술
나 그 목소리를 꼭 들을래요
다음에 보면 꼭 인사해요
또 봐요 미스터 채플린
바람에 날린 동그란 저 모자
달리기를 하나 왜 서둘러
시계톱니처럼 똑같은 모퉁일
돌아돌아 뛰네요
어디서 와서 어디로 갈까
말고도 궁금한 게 이렇게 난 많은데
잠시만 서서 얘기 좀 해요
한 마디 없이 꼭 다문 입술
나 그 목소리를 꼭 들을래요
다음에 보면 꼭 인사해요
또 봐요 미스터 채플린
어두운 얼굴 무슨 일이 있나요
말 건네면 대답할까요
나는 알아요 슬픈 그댈
온 세상 사람들 그대를 보면서 웃어도
못 살게 구는 사람들 없는
먼 길을 떠났다고 난 믿을래요
이젠 웃어요 다 괜찮아요
또 봐요 미스터 채플린
그대가 부른 즐거운 넌센스
나 슬픈 날엔 꼭 그 노랠 해요
언젠가 보면 꼭 인사해요
또 봐요 미스터 채플린
꼭 봐요 미스터 채플린
그 이름도 내겐 사랑스런 채플린",Modern Times,2013.10.08,록/메탈
비밀,아이유,"오늘도 난 손끝으로
네 앞에서 몰래 편지를 써
유리잔에 맺힌 물로
하나씩 써내려 내 마음을
마주 앉아 나를 본다
고개는 또 숙여지고
숨길 맘이 더 많은 난
마치 잘못한 아이 같아
비밀이 참 많아진 나
꺼내기 어려운
얘기만 쌓여간다
그래도 난 꿈을 꾼다
날개를 단 내 맘
밤하늘에 날아가 날아간다
매일매일 거울 앞에
네 맘이 되어서 날 비추며
안 한 듯이 화사하게
어설픈 화장도 배워가며
다가온다 나를 본다
딴 델 봐도 네가 보여
돌아보지 못하는 난
마치 겁 많은 아이 같아
비밀이 참 많아진 나
꺼내기 어려운
얘기만 쌓여간다
그래도 난 꿈을 꾼다
날개를 단 내 맘
밤하늘에 날아가
날아가 너에게 들려진다
한 걸음 한 걸음
좀 더 가볍게 가고 싶어
한 마디 한 마디
내겐 왜 이리 힘든 건지
네 향기가 불어온다
내게로 보내는
나 같은 맘인 걸까
네 마음이 내게 온다
오늘도 그렇게 외우며
꿈속으로 내 마음을 듣고 있다
간절한 바람이 온 방 안을 채우고
채우다 흘러간다 흘러간다
비밀이 또 늘어간다",Last Fantasy,2011.11.29,발라드
있잖아 (Feat. 마리오),아이유,"Ye this song is my love story
첫 눈에 반한다는 말
절대로 믿지 않던 난
내 앞에 너 나타난 순간
뺏겨버린 맘 멈춰버린 시간
밤에 꿈에서 만난
오랫동안 찾아 헤맨 나의 천사
너무나도 가슴 떨려 말 한마디 못 해 난
어떡해
있잖아 왠지 두근두근 가슴이 떨려몰라
있잖아 괜히 나를 보는 눈빛이 너무좋아
Baby one two three 내게 다가 와
Luv 부끄럽지만
A to Z 알고 싶어
난 숨겨 둔 너의 맘
나를 원하니
가지고 싶니
나의 모든 게 전부 네 것이길 바라니
사랑한단 한 마디만 솔직히 말해 봐

이별에
혼자 훌쩍 훌쩍 우는 건 싫어
정말
사랑에
너와 생글 생글 웃고만 싶어
항상
Baby one two three 두 손을 꼽아
Luv 세어보지만
A to Z 그 무엇보다 네가 제일 좋아
Baby girl
나를 원하니 가지고 싶니
나의 모든 게 전부 네 것이길 바라니
사랑한단 한 마디만 솔직히 말해 봐
I believe you cause
I'm in love with you
이런 느낌은 처음이니까
용기내서 말하려 네 앞에 서기만 하면
난 바보가 되고
인사하고 돌아서는 뒷 모습을 보며
또 한숨만 쉬고
누구보다도 무엇보다도
난 너 하나만 있어주면 된다고
내겐 다른 것들은 다 필요 없다고
그래 나 너만 원한다고
나 혼자만 널 원하고 있는 것은 아닐까
혹시나 하는 맘에
불안한 맘에
가슴 속에 담아두는 사랑한다는 말
나를 원하니 가지고 싶니
나의 모든 게 전부 네 것이길 바라니
사랑한단 한 마디만 솔직히 말해 봐
나를 원하니 가지고 싶니
나의 모든 게 전부 네 것이길 바라니
사랑한단 한 마디만 솔직히 말해 봐
부드러운 내 입술이 네 볼에 닿을 때
나만 사랑한단 말만 속삭여줘 Darling",Growing Up,2009.04.23,댄스
어젯밤 이야기,아이유,"어젯밤에 난 네가 미워졌어
어젯밤에 난 네가 싫어졌어
빙글빙글 돌아가는
불빛들을 바라보며
나 혼자 가슴 아팠어
내 친구들이
너의 손을 잡고 춤출 때마다
괴로워하던 나의 모습을
왜 못 보았니
어젯밤 파티는 너무도 외로웠지
이 세상을 다 준대도
바꿀 수가 없는 넌데
너는 그걸 왜 모르니 우
어젯밤에 난 네가 미워졌어
어젯밤에 난 네가 싫어졌어
쉴 새 없는 음악소리
끝나기를 기다리며
나 혼자 우울했었지
내 친구들이
너의 손을 잡고 춤출 때마다
괴로워하던 나의 모습을
왜 못 보았니
어젯밤 파티는 너무도 외로웠지
이 세상을 다 준대도
바꿀 수가 없는 넌데
너는 그걸 왜 모르니 우
어젯밤에 난 네가 미워졌어
어젯밤에 난 네가 싫어졌어
쉴 새 없는 음악소리
끝나기를 기다리며
나 혼자 우울했었지",꽃갈피 둘,2017.09.22,댄스
마침표,아이유,"알고 있었어 무슨 말인지
무슨 마음인지 다 알아
하루 더 딱 하루만 더
미루고 싶었어
그래야겠지 결국 언젠간
제일 어려운 숙제를 해야지
마지막 인사가 이렇게 늦어서 미안
많이 보고 싶지만
널 다시는 만나지 않았음 좋겠어
아파 울지만 다신 너로 인해
웃지 않았음 좋겠어
한 움큼씩 나눴던 진심도
너무 쉬웠던 대답도
못 잊게 사랑한 여러 번의 계절도
안녕 모두 안녕
전부 알 것 같아도 더 이상의
이해는 없었음 좋겠어
묻고 싶지만 끝내 그 대답을
듣지 못했음 좋겠어
변함없이 정직한 두 눈도
약속한 겨울바다도
못 잊게 행복했던 어린 날의 나도
안녕 모두 안녕
안녕 모두",Palette,2017.04.21,발라드
그 애 참 싫다,아이유,"아직도 그 애가 그렇게 대단하니
그깟 전화 한 통에도
가슴이 덜컥하니
하던 얘기조차 잊고
다른 생각하는 너
순간 굳은 표정에 내 맘이 더 놀래
만나 본 적 없지만 그 애 참 싫다
얼마나 좋아했길래 이래
얼마나 사랑했길래 이래
그 사람 어디가 그렇게 좋았니
너 정말 왜 이러니
왜 이러니
잊었다 했잖아 전부 다 지웠다고
모두 다 지나간 일 기억도 안 난다고
사실은 아직도 가슴속에 품고
보내지 못하고서 잊는 거였니
만나본 적 없지만 그 애 참 싫다
얼마나 좋아했길래 이래
얼마나 사랑했길래 이래
그 사람 어디가 그렇게 좋았니
너 정말 왜 이러니
왜 이러니
얼마나 좋아했길래 이래
얼마나 사랑했길래 이래
나까지 이렇게 아프게 하니
너 정말 언제까지 이럴 거니
차갑게 널 떠나놓고
또 연락은 왜 하는지
받아주는 너도 참 답답하지만
그런 너를 보면서도
네 주위를 맴도는
내가 더 바보야
기다리는 내가 더 바보야
얼마나 좋아했길래 이래
얼마나 사랑했길래 이래
그 사람 어디가 그렇게 좋았니
너 정말 왜 이러니
왜 이러니
얼마나 좋아했길래 이래
얼마나 사랑했길래 이래
날 아프게 하니
만나본 적 없지만 그 애 참 싫다",스무 살의 봄,2012.05.11,발라드
분홍신,아이유,"길을 잃었다 어딜 가야 할까
열두 개로 갈린 조각난 골목길
어딜 가면 너를 다시 만날까
운명으로 친다면 내 운명을 고르자면
눈을 감고 걸어도 맞는 길을 고르지
사라져버린 Summer Time
너의 두 눈이 나를 비추던
Summer Time
기다리기만 하는 내가 아냐
너를 찾아 뚜벅
내게 돌아올 Summer Time
찬 바람 불면 그냥 두 눈 감기로 해
what's the time Summer Time
움파룸파둠 두비두바둠 슬프지 않아
춤을 춘다
다시 다시
길을 찾아 떠난 갈색머리 아가씨는
다시 사랑에 빠졌고 행복했더라는
처음부터 다시 쓰는 이야기
좋은 구둘 신으면 더 좋은 데로 간다며
멈춰지지 않도록 너를 찾을 때까지
사라져버린 Summer Time
너의 두 눈이 나를 비추던 Summer Time
기다리기만 하는 내가 아냐
너를 찾아 뚜벅
내게 돌아올 Summer Time
찬 바람 불면 그냥 두 눈 감기로 해
what's the time Summer Time
움파룸파둠 두비두바둠 멈추지 않아
춤을 춘다
다시 다시
나의 발이 자꾸 발이 자꾸 맘대로
yoohoo
oh my pink shoes oh my
난난 마음 잡고 마음 잡고 제대로
yoohoo
Yah yah 좀 더 빠르게
잃어버린 내 Summer Time
낯선 시간을 헤매이다 널 찾을까
아직 길은 멀었니 겁이 나면 나는
괜히 웃어
혹시 넌 나를 잊을까
너의 시간이 내게 멈춰있길 바래
slow the time stop the time
움파룸파룸 두비두비
움파룸파룸 두비두바둠 좀 더 빠르게
달려간다
다시 다시 다시 다시",Modern Times - Epilogue,2013.12.20,댄스
Black Out,아이유,"놔 봐 나 완벽해 멀쩡해
집에 안 가도 돼
정말 구구단도 가능해
칠칠에 사십구
안 믿는 거 다 알아
Nothing special
기분 좋아서 그래
Something special
절대 나 괜찮아 맹세해
아 너나 좀 잘해
어머 쟤네 둘이서 키스해
하라지 뭐 어때
가서 아무나 안아
Nothing special
기분 좋아서 그래
Something special
샌디에이고나 산티아고나
너는 상관없지
That she said
Course course I don't care
오늘 다시 안 오겠지
당연히 올 리가 없지
여기부턴 기억 안 할래
Hey ms. 델러 웨이
I love your party
이리 와서 나의 키스를 받아줘
사랑이 많은 건 전혀
나쁜 게 아니래요
잠깐 바닥이 일어났어
나 진짜 억울해
봐봐 쟤 나한테 인사해
오지 마 위험해
이상하게 보지 마
Nothing special
기분 좋아서 그래
Something special
두 갈래로 보일 때는
대개는 왼쪽이 맞아
That he said But 나 멀쩡해
오늘 다시 안 오겠지
당연히 올 리가 없지
여기부턴 기억 안 할래
Hey 거기 DJ I love your music
도대체 나를 어떻게 한 거야
다스베이더만 아니면
네가 내 첫사랑이야 Oh
Hey ms. 델러 웨이
I love your party
이리 와서 나의 키스를 받아줘
사랑이 많은 건 전혀
나쁜 게 아니래요
Hey 거기 DJ I love your music
도대체 나를 어떻게 한 거야
다스베이더만 아니면
네가 내 첫사랑이야 Oh",Palette,2017.04.21,댄스
Red Queen (Feat. Zion.T),아이유,"표정이 없는 그 여자
모두가 미워하는 그 여자
당신도 알지 그 여자
오 가엾어라 그 여자
모두가 무서워 해 그 여자
당신이 아는 그 여자
재밌는 얘기 하나 할까
어쩌면 슬픈 얘길 지도
믿거나 말거나 한
가벼운 얘기죠
부디 비밀은 지켜줘요
아 글쎄 말야
그 여자 있죠
무시무시한 그녀에게
푸른 날 하늘처럼 새파랗게
웃던 때가 있었다네요
남자는 물론 여자들도
사람이 아닌 것들까지
전부 반해 사랑에 빠질 만큼
그 웃음이 예뻤다나요
꼬까옷 입고
천진하게 재잘거리며
지금 핏기 없이 메마른 뺨엔
생기가 돌더래요
Oh Red Queen
웃음이 예쁜 그 여자
모두가 사랑하는 그 여자
당신도 알지 그 여자
모두가 사랑하는 그 여자
You know
아름다워라 그 여자
모두가 예뻐라 해 그 여자
당신이 아는 그 여자
모두가 사랑하는 그 여자
얘기를 이어 가 볼까요
한 번 더 짚고 넘기자면
이건 어디까지나
가벼운 얘기죠
괜한 오해는 말아줘요
그 여자 말야
아주 오래 전
슬프게 우는 아무개의
서러운 등을 쓸어준 그 손이
믿을 수 없이 따뜻하더래요
애들은 물론 어른들도
생명이 없는 것들까지
전부 반해 사랑에 빠질 만큼
마음씨도 예뻤다나요
아무리 작고 초라한 걸
바라볼 때도
지금 총기 없이 우울한 눈은
반짝 빛나더래요
Oh Red Queen
표정이 없는 그 여자
모두가 미워하는 그 여자
당신도 알지 그 여자
모두가 미워하는 그 여자
You know
오 가엾어라 그 여자
모두가 무서워해 그 여자
당신이 아는 그 여자
모두가 미워하는 그 여자
그 여자의 붉은 머리
그보다 붉어 생채기 난 어디
눈에 가늘게 선 핏발이
누가 그 이유를 물어 주려나
저기 왜 화를 내나요
저기요 왜 악을 쓰나요
슬픈 그 여자의 붉은 머리
그 보다 더 더 더 더 더 더
붉은 어디
웃음이 예쁜 그 여자
모두가 예뻐라 해 그 여자
당신도 알지 그 여자
모두가 사랑하는 그 여자
오 가엾어라 그 여자
모두가 무서워해 그 여자
당신이 아는 그 여자
하고 보니 시시하군요
터무니없는 이야기죠
믿거나 말거나 한
실없는 얘기죠
그냥 모두 잊어버려요",CHAT-SHIRE,2015.10.23,댄스
빈 컵 (Empty Cup),아이유,"창백한 눈으로 날 바라보는
넌 변함 없이 빛나
날 미치게 하던 그 눈을 더이상
사랑하지 않을 뿐야

아, 미안

억지로 내 맘을 돌려보려고
애쓰고 싶지가 않아

I’m sick of your love
Sick of your love
Sick of your all

우리를 삼키는
따분함이 싫어

Too fed up with us
Fed up with us
Fed up with all

마음대로 나를
비난하고 할퀴어

타오르던 감정은
부스러기들로 남아
이런 가볍기도 하지
겨우 이게 다였나 봐

I’m sick of your love
Sick of your love
Sick of your all

헤어짐을 미루는
익숙함이 싫어

Too fed up with us
Fed up with us
Fed up with all

얼마든지 나를
미워하고 할퀴어

Sorry, I’m sick of your love
I’m sick of your love
Too sick of your love
I’m sick and tired of your all
Sick of this love
Just fed up with us and our love
Sick of your love
Just sick of this love",IU 5th Album 'LILAC',2021.03.25,R&B/Soul
이게 아닌데,아이유,"전부 말할래 나 다 말할래 나
어떻게 너 그랬냐고
참지 않을래 나 안 버틸래 나
우는 내 얼굴 안 예뻐도
뻔히 알면서 왜 물어봐
잘 지내냔 그런 말이 다 뭐야
내가 어떤 사랑 했었는지
너는 다 알고 있잖아
이게 아닌데 왜 또 입술은 왜
실없는 농담만 하고 웃고 있는지
나빠질 건 더 없는데
뭐가 무서워 거짓말 하는지
그나마 너를 보는 게 좋은 건지

뭐든 해볼래 나 안 가릴래 나
어떻게든 잡아볼래
미안해서라도 너 돌아오게
지겹게 울고 애원할래
괜히 안부 따윈 묻지마
어리다고 바본 아닌 거잖아
사실은 다 너만 편하려고
걱정하는 척 하잖아
이게 아닌데 왜 또 입술은 왜
실없는 농담만 하고 웃고 있는지
나빠질 건 더 없는데
뭐가 무서워 거짓말 하는지
그나마 너를 보는 게 좋은 건지
이게 다 뭐야 진실이 뭐야
내가 정말 원한 게 뭐야
끝까지 왜 난 너에게
맞출 수 밖엔 없는 거야

이건 아닌데 정말 아닌 건데
이대로 끝날 사이는 아닌 거잖아
나를 좀 봐 나 울잖아
내가 울면은 맘 약해졌잖아
내가 이렇게 솔직히 말하잖아
내가 아프잖아
이건 아니잖아",Real,2010.12.09,발라드
졸업하는 날,아이유,"오늘은 학교 졸업식
중학생이었던 이지은이
벌써 고등학생
좀 이상해 좀 서운해
친구들 떠날 생각에
나 기분이 왠지 좋진 않아
매일 걷던 등교길
혼을 내던 선생님까지
내 기억에 조금씩 작아지는
추억들이 되겠지만
I'm all right I'm so fine
아무 문제 없잖아
가끔 속상한 일 있으면
잠깐 울면 되지 뭐
I'm all right I'm so fine
아무 걱정 하지마
아마 내겐 나쁜 날보다
좋은 날이 많을 거야
책상을 정리하다가
그러다가 문득
친구들과 찍은 사진 봤어
찾아볼 땐 없었는데
어디에 있다 온 거야
나 기분이 좋아 진 것 같아
뭔가 좋은 일들이
생길 것만 같은 이 느낌
눈을 뜨는 내일이
기다려져 이제부터 시작이야
I'm all right I'm so fine
아무 문제 없잖아
가끔 속상한 일 있으면
잠깐 울면 되지 뭐
I'm all right I'm so fine
아무 걱정 하지마
아마 내겐 나쁜 날보다
좋은 날이 많을 거야
헤어져도 헤어져도
멀어져도 멀어져도
우리는 꼭 예쁘게 자라서
또 다시 만날 걸 알잖아
I'm all right I'm so fine
아무 문제 없잖아
가끔 속상한 일 있으면
잠깐 울면 되지 뭐
I'm all right I'm so fine
아무 걱정 하지마
아마 내겐 나쁜 날보다
좋은 날이 많을 거야
졸업하는 날

졸업하는 날

졸업하는 날",Growing Up,2009.04.23,발라드
기차를 타고,아이유,"어디로 가는지
어디에서 멈출지
모르고 기차를 탔어
이별이 아파서 버릴 곳을 찾아서
무작정 기차를 탔어
창가에 비치는 눈물
모두 닦아낸 후에 다시
잘 돌아올거야
하나 둘 셋 하고 고개를 돌렸을 때
우리 사랑을 했던
기억 다 사라지기를
더 울기도 싫어 그만 그치고 싶어
그러니까
나 이제는 널 잊을래 기차를 타고
바람에 날리는 사진 사진속의
너와 나 왠지 슬프게만 보여
하나 둘 셋 하고 고개를 돌렸을 때
우리 사랑을 했던
기억 다 사라지기를
더 울기도 싫어 그만 그치고 싶어
그러니까
나 이제는 널 잊을래 기차를 타고
아무도 모르는 너만이 아는
아픈 이별 여행
널 사랑한만큼 사랑했던
그만큼 미워해야 하는 일
정말 힘이 들겠지만
더 울기도 싫어 그만 그치고 싶어
그러니까
나 이제는 널 잊을래
새하얗게 널 지울래
기차를 타고",IU...IM,2009.11.12,발라드
여름밤의 꿈,아이유,"조용한 밤하늘에
아름다운 별빛이
멀리 있는 창가에도
소리 없이 비추고
한낮의 기억들은
어디론가 사라져
꿈을 꾸듯 밤하늘만
바라보고 있어요
부드러운 노랫소리에
내 마음은 아이처럼
파란 추억의 바다로
뛰어가고 있네요
깊은 밤 아름다운 그 시간은
이렇게 찾아와
마음을 물들이고
영원한 여름밤의 꿈을
기억하고 있어요
부드러운 노랫소리에
내 마음은 아이처럼
파란 추억의 바다로
뛰어가고 있네요
깊은 밤 아름다운 그 시간은
이렇게 찾아와
마음을 물들이고
영원한 여름밤의 꿈을
기억하고 있어요
다시 아침이 밝아와도
잊혀지지 않도록",꽃갈피,2014.05.16,발라드
새 신발,아이유,"안녕 오래 기다렸니
지루했지
I run and I run and I run and I run
나 지금 기분이 딱 완벽해
나를 시무룩하게 만들 생각은 마
에나멜 플랫 슈즈 위 따다닥
빨간 뾰족구두를 신고 또각
키가 큰 거울 앞에 다가가
한 바퀴 사뿐히 빙그르르
아직 춤춰요 Mr 분홍신
앞코를 부딪혀 like 도로시
발에 꼭 맞는 새 신을 신고
너에게 갈 준비됐어
설레 아이쿠
내 맘속에 작은 소용돌이
살랑 달큰한 바람은 나를 들뜨게
높은 계단 좁은 골목 난 어디든 가
내 마음에 꼭 맞는 새 신발을 신고
오늘 컨디션은 어떠니
하루 종일 나랑 여기 거기
또 저기 갈 준비됐니
단단히 맘먹었지
혹시나 일찍 집에
들어갈 생각은 마
근사한 음악소리 빠라밤
심장은 리듬이 돼요 빠담
우리랑 같이 춤춰요 마담
한 바퀴 사뿐히 빙그르르
들뜬 기분으로 아니마토
여기선 좀 더 빨리 가볼까
알레그로
특별히 신경 써서 아첸토
코러스부터 다시 한 번
설레 아이쿠
내 맘속에 작은 소용돌이
살랑 달큰한 바람은 나를 들뜨게
높은 계단 좁은 골목 난 어디든 가
내 마음에 꼭 맞는 새 신을 신고
얼마나 좋니 파란 하늘 아래서
사랑하기 완벽한 날이지
왼손을 꼭 잡아줘
지금부터는 달릴 거야
설레 아이쿠
내 맘속에 하얀 바람개비
싱그르 웃는 손톱달이 뜰 때까지
높은 계단 좁은 골목 난 어디든 가
한 걸음 또 한 걸음 온 세상을 걷자
설레 아이쿠
내 맘속에 작은 소용돌이
살랑 달큰한 바람은 나를 들뜨게
높은 계단 좁은 골목 난 어디든 가
내 마음에 꼭 맞는 새 신발을 신고",CHAT-SHIRE,2015.10.23,발라드
느리게 하는 일,아이유,"느리게 느리게 느리게
그대를 잊으려 해요
빠르게 빠르게 가는 시간보다 더
천천히 잊으려 해요
그대가 알면 알게 된다면
서운할 지 몰라서
느릿느릿하게 잊는 버릇 들여가죠
조금만 더 사랑할게요
조금만 더 기억할게요
바닥에 흘린 이 눈물이
마를 때까지만
오늘만 더 견뎌볼게요
오늘만 더 기다릴게요
내 생각나고 그러면
언제든지 보러 와줘요

싫은데 싫은데 싫은데
거짓말 하게 되네요
그래서 그래서 우리 헤어진 일을
아무도 모르고 있죠
그대가 알면 알게 된다면
뭐라 할 지 몰라서
그댈 물어보면 잘 지낸다 대답하죠
조금만 더 사랑할게요
조금만 더 기억할게요
바닥에 흘린 이 눈물이
마를 때까지만
오늘만 더 견뎌볼게요
오늘만 더 기다릴게요
내 생각나고 그러면
언제든지 보러 와줘요
가끔은 그대가 미워요
문득 혼자라고 느껴질 때
별 거 아닌 일에
울고 말 때 그럴 때
그래도 나 사랑할래요
그래도 나 기억할래요
이별이 남긴 이 아픔이
멈출 때까지만
며칠만 더 견뎌볼래요
며칠만 더 기다릴래요
언젠가는 돌아와 잘못했다 하고
미안하다 하고
다시 시작하자 할까 봐",Real,2010.12.09,발라드
을의 연애 (With 박주원),아이유,"뻔히 봐놓고 답장은 안 해
얼마나 바쁘시길래
끝나고 뭐해 얼굴 좀 볼까
오늘 우리 얘기 좀 해
언뜻 패턴은 비슷하지만
연애 초기 그것관 달라
모른 척 해도 이건 더 이상
밀고 당기기가 아냐
미묘한 신경전들이 더는
필요치 않은 사이
늘어질 대로 늘어져가는
Running time
눈칠 살피며 시간만 끌어
애태우는 저의가 뭐야
유통기한은 끝난 지 오래
상해도 한참 상했지
혀 끝을 지나기도 전에 벌써
지루해져 버린 내 이름
애인스럽게 불려본 게 언제던가 짠해
다시 끓기도 푹 식히기도
뜻뜨미적지근한 온도
끝이 보이질 않는 이 눈치 게임
하루도 더 못해 그래 내가 졌어
에라이 비겁한 남자야",Modern Times - Epilogue,2013.12.20,록/메탈
Havana,아이유,"거기선 모두가 노랠 하고 산대요
부서지는 파도 앞에 살면서
가장 낯설은 도시 가장 익숙한 그대와
어때요 멋질 것 같죠
여기선 다 못한 우리 비밀 얘기들
크게 나누면서 걸어 다닐래
이건 외워주세요 hola
muchacha Hermosa
아침마다 말해줘요
널 위해 한 잔 날 위해 한 잔
늦은 저녁의 피냐 콜라다
웃어요 활짝 예뻐요 찰칵
이 순간을 기억해
Havana you’re my Havana
그대의 미지의 그 눈빛
Havana 언제나 설레임
그대의 존재는 날 꿈꾸게 해
너무 정신 없이 바쁠수록 소중한
그대와 마주한 짧은 순간들
기다릴 누군가가 있는
하루는 행복해
반쯤은 들뜬 내 모습
햇살이 얼핏 달콤한 귤빛
오후가 떠날 마지막 순간
그대를 만날 준비할 시간
난 여행을 떠나요
Havana you’re my Havana
그대의 미지의 그 눈빛
Havana 언제나 설레임
그대의 존재는 날 꿈꾸게 해
그대는 나만의 휴식
고민과 걱정 사라지네
난 매일 저 멀리 떠나요
그대를 볼 때면
Havana you’re my Havana
그대의 미지의 그 눈빛
Havana 언제나 설레임
그대의 존재는 날 꿈꾸게 해
날 꿈꾸게 해",Modern Times - Epilogue,2013.12.20,록/메탈
내 손을 잡아,아이유,"느낌이 오잖아 떨리고 있잖아
언제까지 눈치만 볼 거니
네 맘을 말해봐
딴청 피우지 말란 말이야
네 맘 가는 그대로
지금 내 손을 잡아
어서 내 손을 잡아
우연히 고개를 돌릴 때 마다
눈이 마주치는 건
몇일밤 내내 꿈속에 나타나
밤새 나를 괴롭히는 건
그 많은 빈자리 중에서 하필
내 옆자릴 고르는 건
나도 모르게 어느새 실없는 웃음
흘리고 있다는 건
그럼 말 다했지 뭐
우리 얘기 좀 할까
느낌이 오잖아 떨리고 있잖아
언제까지 눈치만 볼 거니
네 맘을 말해봐
딴청 피우지 말란 말이야
네 맘 가는 그대로
지금 내 손을 잡아
핸드폰 진동에 심장이 덜컥
내려 앉는다는 건
오 나도 모르게
어느새 짓궂은 네 말투
자꾸 듣고 싶은걸 어떡해
저기 멀리 걸어온다
눈이 마주친다
언제까지 넌 모른척 할거니
사랑이 온거야 너와 나 말이야
네가 좋아 정말 못 견딜 만큼
그거면 된거야
더는 생각하지 말란 말이야
네 맘 가는 그대로
느낌이 오잖아 떨리고 있잖아
언제까지 눈치만 볼 거니
네 맘을 말해봐
딴청 피우지 말란 말이야
네 맘 가는 그대로
지금 내 손을 잡아
그냥 내 손을 잡아
지금 내 손을 잡아",최고의 사랑 OST,2011.06.15,"록/메탈, 국내드라마"
안경,아이유,"웃고 있는 그 표정 너머에
진심까지 꿰뚫어 볼 순 없어요
그저 따라서 웃으면 그만
누군가 힌트를 적어 놨어도
너무 작아서 읽을 수가 없어요
차근차근히 푸는 수밖에
그렇다 해도 안경을
쓰지는 않으려고요
하루 온종일 눈을 뜨면
당장 보이는 것만
보고 살기도 바쁜데
나는 지금도 충분히 피곤해
까만 속마음까지 보고 싶지 않아
나는 안 그래도 충분히 피곤해
더 작은 글씨까지 읽고 싶지 않아
공들여 감춰놓은 약점을
짓궂게 찾아내고 싶진 않아요
그저 적당히 속으면 그만
무지개 뒤편엔 뭐가 있는지
너무 멀어서 보이지가 않아요
대단한 걸 상상할 수밖에
그렇다 해도 안경을
쓰지는 않으려고요
속고 속이고 그러다 또 믿고
상상을 하고 실망하기도 바쁜데
나는 지금도 충분히 피곤해
누구의 흠까지 궁금하지 않아
나는 지금도 충분히 피곤해
좀 더 멀리까지 보고 싶지 않아
나는 지금도 충분히 피곤해
무거운 안경까지 쓰지 않을 거야
나는 안 그래도 충분히 피곤해
더 각진 안경까지 쓰지 않을 거야",CHAT-SHIRE,2015.10.23,발라드
바람꽃 (E.S),아이유,"이대로
돌아설꺼면 사라질꺼면
피어나지 않았어
이렇게
바라보면서 숨이 막히면
눈을 감은채 살아도 좋을까
보지 않아도 보여서
듣지 않아도 들려서
그대 숨결에 다시 살아난 바람꽃처럼
가고 싶어도 못가는
안고 싶어도 못안는
그대 손끝이 내 맘에 닿으니

긴 긴 밤이 지나고 나면 알까
눈물 속에 웃고 있는 사랑을
잡고 싶어도 못잡는
가고 싶어도 못가는
그대 마음에 다시 살아난 바람꽃처럼
보지 않아도 보여서
듣지 않아도 들려서
바람에 실려 흩어져 날리며
그대 마음에 흩어져 날리며",선덕여왕 OST,2009.09.14,"발라드, 국내드라마"
마음을 드려요,아이유,"당신에게 드릴게 없어서
나의 마음을 드려요
그대에게 받은게 많아서
표현을 다 할수가 없어요
나지막한 인사에
수많은 내 마음 고이담아
그대에게로 건네면
내 마음 조금 알까요
어떤 이유로 만나
나와 사랑을 하고
어떤 이유로 내게와
함께 있어준 당신
부디 행복한 날도
살다 지치는 날도
모두 그대의 곁에 내가
있어줄수 있길
어떤 소식 보다 더
애타게 기다려지는 그대
엇갈리지 않게 여기
기다릴게요
눌러적은 편지에
수많은 그리움 고이 담아
그대 내게로 올때면
그 손에 쥐어줄게요
어떤 이유로 만나
나와 사랑을 하고
어떤 이유로 내게와
함께 있어준 당신
부디 행복한 날도
살다 지치는 날도
모두 그대의 곁에 내가
있어줄수 있길
네번의 모든 계절들과
열두달의 시간을 너와
숨이 차게 매일
사랑하며 함께 할게
어떤 이유로 만나
우리 사랑을 했던
지금 이순간 처럼
매일 바라 보며
애써주기를
부디 행복한 날도
살다 지치는 날도
모두 그대의 곁에 내가
있어줄수 있길
부디
추억만 남지 않길 너완",사랑의 불시착 OST,2020.02.16,"발라드, 국내드라마"
입술 사이 (50cm),아이유,"Oh darling 넘지 말아요
두 입술 사이 거린 아직까진 50cm
달콤한 말로 뻔한 말로
착한 나를 유혹하려 하진 말아주세요
사랑은 이 사랑은 완벽할 거예요
Largo adagio 조급해 말아요
Slowly baby slowly very slow
느린 템포로
Oh darling 넘지 말아요
두 입술 사이 거린 아직까진 50cm
솔직한 말로 그 말로 순결한
그대 맘을
내가 느낄 때까진
그 거리는 50cm
사랑은 이 사랑은 완벽할 거예요
Largo adagio 조급해 말아요
Slowly baby slowly very slow
느린 템포로
우리 사랑은 이 사랑은
짜릿할 거예요
Love ya baby love ya
그대 윗입술에
빨간 나의 아랫 입술이
닿을 때 쯤엔
제발 넘지 말아요
두 입술 사이 거린 아직까진 50cm
달콤한 말로 그 말로 제발
흔한 여자로
만들진 말아주세요
조금만 날 아껴줘요
두 입술 사인 아직 50cm
Hush hush baby push me oh baby
이 작은 부탁만 들어줘요
Hush hush baby cherish me baby",Modern Times - Epilogue,2013.12.20,록/메탈
누구나 비밀은 있다 (Feat. 가인 Of Brown Eyed Girls),아이유,"내가 누굴 탐했었는지
네가 알면 넌 어떤 표정을 할까
내가 어제 무얼 했는지
네가 알면 넌 어떤 얘기를 할까
영원한 비밀이란 없다고
Oh 말을 하지만
떠들썩하거나 사소하거나
끔찍한 파문이 일지 몰라
누구나 비밀은 있는 거야
아무에게도 말하지 마
우리 아무 일도 없던 걸로
안 들은 걸로 해요
모두 비밀은 있는 거야
누구에게도 말하지 마
사람들에게는 진실이란
중요하지 않아
내가 무슨 꿈을 꿨는지
네가 알면 넌 어떤 얼굴을 할까
내가 누굴 싫어하는지
네가 알면 까무러칠지도 몰라
영원한 비밀이란 없다고
Oh oh oh oh 말을 하지만
넌 내가 정말로 없을 것 같니
아무도 모르는 story 하나
넌 네가 정말로 다 안 것 같니
너의 제일 가까운 그 사람을
누구나 비밀은 있는 거야
아무에게도 말하지 마
우리 아무 일도 없던 걸로
안 들은 걸로 해요
모두 비밀은 있는 거야
누구에게도 말하지 마
사람들에게는 진실이란
중요하지 않아
비밀이 있기에 빛나는 사람
나를 언제나 궁금하게 만들어
다가갈수록 신비로운 사람
그대의 모든 걸 말하지 마요
누구나 비밀은 있는 거야
아무에게도 말하지 마
우리 아무 일도 없던 걸로
안 들은 걸로 해요
모두 비밀은 있는 거야
누구에게도 말하지 마
사람들에게는 진실이란
중요하지 않아",Modern Times - Epilogue,2013.12.20,댄스
싫은 날,아이유,"키 큰 전봇대 조명 아래
나 혼자 집에 돌아가는 길
가기 싫다 쓸쓸한 대사 한 마디
점점 느려지는 발걸음
동네 몇 바퀴를 빙빙 돌다 결국
도착한 대문 앞에 서서 열쇠를
만지작 만지작
아무 소리도 없는 방 그 안에
난 외톨이
어딘가 불안해 TV 소리를 키워봐도
저 사람들은 왜 웃고 있는 거야
아주 깜깜한 비나 내렸음 좋겠네 좋겠네
텅 빈 놀이터 벤치에 누군가
다녀간 온기
왜 따뜻함이 날 더 춥게
만드는 거야
웅크린 어깨에 얼굴을 묻다가
주머니 속에 감춘 두 손이 시리네
어제보다 찬 바람이 불어
이불을 끌어당겨도
더 파고든 바람이 구석구석
춥게 만들어
전원이 꺼진 것 같은 기척도
없는 창 밖을
바라보며 의미 없는 숨을 쉬고
한 겨울보다 차가운 내 방
손 끝까지 시린 공기
봄이 오지 않으면 그게 차라리 나을까
내 방 고드름도 녹을까 햇볕 드는
좋은 날 오면은",Modern Times - Epilogue,2013.12.20,발라드
여자라서,아이유,"여자라서

가득 고인 내 눈물 넘쳐흐르기 전에
아무 말 하지 말고 뒤돌아가세요
그대 있을 자리가 내 곁은 아닌걸요
여자라서 여자라서 붙잡고 싶지만
사랑이 지나간 패여 버린 가슴에
언제쯤 새살이 상처위에 돋아 날까요
한방울 두방울 눈물로 그댈 지워갈게요
어느날엔가 내눈물이 마를때 까지

거짓말을 잘하죠 여자란게 그래요
붙잡고만 싶어도 떠나라하네요
그대있던 자리가 눈물로 다 젖어도
여자라서 여자라서 참아낼뿐이죠
사랑이 지나간 패여 버린 가슴에
언제쯤 새살이 상처위에 돋아 날까요
한방울 두방울 눈물로 그댈 지워갈게요
아주 먼훗날 그눈물이 마를때 까지
돌아보지말아요
그대 얼굴을 보면 참지못하고
떠나지 말라고 애원할지 몰라요
달래온 눈물이 터져버릴지도 몰라요
사랑은 알아도
이별은 정말 모르고 싶은
여자이기에 그게 나라는 여자에요",로드 넘버원 OST Part.3,2010.07.14,"발라드, 국내드라마"
별을 찾는 아이 (Feat. 김광진),아이유,"꿈을 꾸는 내 모습 기억이 날까요
별을 찾는 아이 같다 말했죠
남들과 다른 내 모습 이해해줘서
고맙단 말도 못했는데
어디 있나요 보고 싶은
내 마음과 같은가요
별이 된거죠 내 맘속에
영원히 숨쉬고 있죠
예전처럼 내 곁에서 볼 수 없어도
힘들어 할 땐 나도 알 수 있어
그럴 때 내 모습을 떠올리는 거죠
신비한 힘을 전할게요
어디있나요 보고 싶은
내 마음과 같은가요
별이 된거죠 내 맘속에
넌 살아있는 꿈이죠
함께 걸었던 거리 주고받던 얘기
서성거리게 되면 벅차 올라요
나는 너무나 힘들지만
시간이 지나도
더 먼 곳에 있다 하여도
널 바라보고 있어
어디있나요
보고싶은 내 마음과 같은가요
별이 된거죠 내 맘속에
넌 살아있는 꿈이죠
살아있는 꿈이죠",Last Fantasy,2011.11.29,발라드
잔혹동화,아이유,"이 밤 지나고 나면은

날 깨울 그대 올테죠

한 방울 씩 흘려 놓은

눈물 즈려 밟으며

저 문 열리면 또 다시

빛은 내게 닿을테죠

그 이후론 영원토록

행복하게 살테죠



열 두시 종이 울리면

꿈 속에서 눈 뜨죠

사람들의 축복 속에

춤추고 있는 우리 둘

난 숨을 쉬죠

You will never know

난 살아있어요

Everyone fails to love

그 사실만은 나

믿어도 되는 거겠죠



Nothing lasts forever

Nothing really matters



날 찾는 길이 험해서

헤매고 있나봐요

언젠가는 웃으면서

그대 품에 잠들겠죠

난 갈 수 없죠

I will never know

날 못 찾을까 봐

Everyone tells me so

이 기다림이 다

물거품 돼 버릴까봐

Nothing lasts forever

Nothing really matters

Nothing lasts forever

Nothing really matters

Nothing lasts forever

Nothing really matters

Nothing lasts forever

Nothing really matters",Real+,2011.02.17,발라드
삼촌 (Feat. 이적),아이유,"삼촌 이제 오세요
오늘도 술 좀 마신 건가요
그래도 한 손에는
조카들 좋아할 과자 들고서
너무 속상해 말아요
이리 치이고 저리 치여도
할머니 구박에도
기가 죽으면 안 돼요
난 믿어요 우리 삼촌을
개구쟁이 같은 얼굴
무릎 나온 츄리닝
언제 철이 들까 하면서도
지금이 좋아
철부지 삼촌이 귀여운 삼촌이 우
항상 내가 예쁘다
이 세상에서 제일 예쁘다
못 생긴 내 콧날도
한가인처럼 예쁘다 해주는
집안의 맨 끝방 신세
그래도 여친 데려온 날엔
어깨에 힘이 잔뜩
마치 우리 아빠만큼 커 보여
우리 삼촌은
개구쟁이 같은 얼굴
무릎 나온 츄리닝
언제 철이 들까 하면서도
지금이 좋아
철부지 삼촌이 귀여운 삼촌이 우
Check it out
좀만 기다려봐 봐
삼촌을 믿어봐 봐
작은 Papa 이제 난다
궁상맞은 내 모습
Bye Bye Bye Bye
삼촌 술 담배 좀 끊어
쪼그만게 지 아빠
닮아가지고 잔소리는
아유 장가는 가야 될 거 아니야
지겨워 죽겠어 그냥
하 그러게
개구쟁이 같은 얼굴
무릎 나온 츄리닝
언제 철이 들까 하면서도
지금이 좋아
철부지 삼촌이 귀여운 삼촌이 우
삼촌 짱",Last Fantasy,2011.11.29,댄스
개여울,아이유,"당신은 무슨 일로 그리합니까
홀로이 개여울에 주저앉아서
파릇한 풀 포기가 돋아 나오고
잔물이 봄바람에 헤적일 때에
가도 아주 가지는 않노라시던
그런 약속이 있었겠지요
날마다 개여울에 나와 앉아서
하염없이 무엇을 생각합니다
가도 아주 가지는 않노라심은
굳이 잊지 말라는 부탁인지요
가도 아주 가지는 않노라시던
그런 약속이 있었겠지요
날마다 개여울에 나와 앉아서
하염없이 무엇을 생각합니다
가도 아주 가지는 않노라심은
굳이 잊지 말라는 부탁인지요
당신은 무슨 일로 그리합니까",꽃갈피 둘,2017.09.22,발라드
나만 몰랐던 이야기 (With Pianist 김광민),아이유,"정말 넌 다 잊었더라

반갑게 날 보는 너의 얼굴 보니

그제야 어렴풋이 아파오더라

새 살 차오르지 못한 상처가

눈물은 흐르질 않더라

이별이라 하는 게 대단치도 못해서

이렇게 보잘것없어서

좋은 이별이란 거

결국 세상엔 없는 일이라는 걸

알았다면 그때 차라리 다 울어둘 걸

그때 이미 나라는 건

네겐 끝이었다는 건

나만 몰랐었던 이야기



사랑은 아니었더라

내 곁에 머물던 시간이었을 뿐

이제야 어렴풋이 알 것만 같아

왜 넌 미안했어야만 했는지

내가 너무 들떴었나 봐

떠나는 순간마저 기대를 했었다니

얼마나 우스웠던 거니

좋은 이별이란 거

결국 세상엔 없는 일이라는 걸

알았다면 그때 차라리 다 울어둘 걸

그때 이미 나라는 건

네겐 끝이었다는 건

나만 몰랐었던 이야기",Real+,2011.02.17,발라드
혼자 있는 방,아이유,"때 지난 이 빗소리만

귓가에 주르륵 주르륵 들려와

눈물이 비가 좋은지

따라서 스르륵 스르륵 흘러가

헤어진 이후 기다리는 이유

아직도 나는 잘 모르겠어

네가 날 떠나 안 올까 봐 겁나

두 팔로 내가 나를 안고 있나 봐

혼자 있는 방

아무도 아무 것도 안 보여

너무 어두워

혼자 우는 밤

하늘의 별도 달도 슬퍼 잠이 들어

점점 흐릿해져

네 얼굴이 떠올라

내내 기다리다 또 눈물이 나

보고 싶다고 혼잣말 하던

메마른 내 입술에 너의 숨결이 닿기를

조용히 소리도 없이

날마다 자꾸만 잠든 날 흔들지

조금씩 좀 더 가까이

누군가 다가와 눈 뜬 날 부르지

내 앞에 있는

바로 앞에 있는

너에게 손을 뻗어 내밀면

그 손 틈새로

빠져나간 채로

잘 자란 말도 없이 사라져만 가

혼자 있는 방

아무도 아무 것도 안 보여

너무 어두워

혼자 우는 밤

하늘의 별도 달도 슬퍼

잠이 들어

네 얼굴이 떠올라

내내 기다리다 또 눈물이 나

보고 싶다고 혼잣말 하던

메마른 내 입술에 숨결이 닿기를

기나긴 시간이 지난 일

매일 한 가지만 기도해

지금까지 보다 더 늦기 전에

이젠 내게 돌아와 빌고 또 빌잖아

혼자 있는 방

아무도 아무 것도 안 보여

너무 어두워

혼자 우는 밤

하늘의 별도 달도

슬퍼 잠이 들어

네 얼굴이 떠올라

내내 기다리다 또 눈물이 나

보고 싶다고 혼잣말 하던

메마른 내 입술에 너의 숨결이 닿기를",Real,2010.12.09,발라드
첫 겨울이니까,"성시경, 아이유","무얼 고를까
추운 겨울이니까
캐시미어 스웨터는 어떨까
처음이니까
초록이 날까
다홍색은 어떨까
보라 빛 밤 구름 사이로
하얀 눈이 내리면
크리스마스
온 세상이 반짝이네
크리스마스
그중 제일 반짝이는
숨막히게 예쁜 너와 우리 둘만의
첫 겨울이니까
뭐가 좋을까
로즈 골드 빛 목걸인 어떨까
언젠가 풀 반지 곱게 엮어
고백을 할 땐
눈이 오면 좋겠어
크리스마스
온 세상 포근해 지네
크리스마스
그 중에 가장 따듯한
너의 품 속에서
항상 너의 곁에서
사랑해 있잖아 널 보면
나의 맘에 눈처럼
가득히 날리고
영원토록 녹지 않아
우리의 겨울이
우리 사랑이
하얗게 쌓여가
크리스마스
사랑만 가득히
크리스마스
온 세상 환희 반짝이네
크리스마스
그 중에 제일 반짝이는
숨막히게 예쁜 너와
멋진 너와
크리스마스
사랑만 가득히
온 세상
메리 크리스마스
그 중에 가장 따듯한
잠든 너의 품속에서
내 품속에서
잠든 네 꿈속에서
항상 너의 곁에서
늘 우리 둘이서",첫 겨울이니까,2019.12.09,발라드
사랑을 믿어요,"아이유, 유승호","all we need is forever love tonight



이밤이 가면 늦어버려요





우리들의 사랑은 아주 커다란 기적을 만들죠



내앞에 선 그대의 두눈을 바라보면



내맘은 뜨겁게 타오르죠



난 바라요 세상의 모든 사랑이 가득하길





이밤 내 귓가에는 들려요



커다란 사랑이 날 깨우고 있죠



oh love



그댄 왜 아직 모르고 있죠



멀리서 들리는 울음소릴





그 소리를 제발 외면하지 마요



그 아이들의 눈물이 이야기 하고 있잖아



용길내요 제발 눈 감지 말아요





모두의 사랑이 필요해요



all we need is forever love to night



이밤이 가면 늦어버려요



우리들의 사랑은 아주 커다란 기적을 만들죠



내앞에 선 그대의 두눈을 바라보면



내맘은 뜨겁게 타오르죠



난 바라요 세상의 모든 사랑이 가득하길





난 느낄 수가 있죠



맘 깊은 곳에 아직 남아 있는 용기를



당신의 그 마음 가득히



큰 사랑이 넘치고 있어요



귀를 막고 두 눈을 감아도



터져버릴듯한 사랑이 내 눈에 보여요





All we need is forever love to night



이밤이 가면 늦어버려요



우리들의 사랑은 아주 커다란 기적을 만들죠



내앞에 선 그대의 두눈을 바라보면



내맘은 뜨겁게 타오르죠



난 바라요 세상의 모든 사랑이 가득하길",사랑의 리퀘스트,2010.08.02,발라드
꿍따리 샤바라 (Feat. 클론),아이유,"마음이 울적하고 답답할 땐
산으로 올라가 소릴 한번 질러봐
나처럼 이렇게 가슴을 펴고
꿍따리 샤바라 빠빠빠빠
기쁨과 슬픔이 엇갈리고
좌절과 용기가 교차되고
만남과 이별을 나누면서
그렇게 우리는 살아가고
뜻대로 되지 않을 때도 있고
마음먹은 대로 될 때도 있어
다 그런 거야 누구나
세상은 그렇게 돌아가니까
다 그렇게 사는 거야
희비가 엇갈리는 세상 속에서
내일이 다시 찾아오기에
우리는 희망을 안고 사는 거야
마음대로 일이 되지 않을 때
하던 일을 멈추고 여행을 떠나봐
바다를 찾아가 소릴 질러봐
꿍따리 샤바라 빠빠빠빠
꿍따리 샤바라 빠빠빠
빠빠빠빠빠 빠빠빠
꿍따리 샤바라 빠빠빠
빠빠빠빠빠 빠빠빠
우울한 날이 계속 이어질 땐
신나는 음악에 신나게 춤을 춰봐
나처럼 이렇게 리듬에 맞춰
꿍따리 샤바라 빠빠빠빠
기쁨과 슬픔이 엇갈리고
좌절과 용기가 교차되고
만남과 이별을 나누면서
그렇게 우리는 살아가고
뜻대로 되지 않을 때도 있고
마음먹은 대로 될 때도 있어
다 그런 거야 누구나
세상은 그렇게 돌아가니까
다 그렇게 사는 거야
희비가 엇갈리는 세상 속에서
내일이 다시 찾아오기에
우리는 희망을 안고 사는 거야
마음대로 일이 되지 않을 땐
하던 일을 멈추고 여행을 떠나봐
바다를 찾아가 소릴 질러봐
꿍따리 샤바라 빠빠빠빠
꿍따리 샤바라 빠빠빠
빠빠빠빠빠 빠빠빠
꿍따리 샤바라 빠빠빠
빠빠빠빠빠 빠빠빠",꽃갈피,2014.05.16,발라드
그렇게 사랑은,아이유,"그렇게 사랑은 간절히 불러보지만
아무런 대답이 없는
그렇게 사랑은 아무리 다가갈수록
멀어져 가는
얼마나 사랑은 수많은 사람들 중에
오직 그대 하나
얼마나 사랑은
걷잡을 수 없는 바람이 되어
가질 수 없는
꿈결이 너를 내게 데려온
밤새 처음 들은 목소리가
웃음이 되고
어느새 앞서간 너의 뒷모습
잠시도 멈추지 못해
내 마음 터질 것 같아
너를 사랑하는
혼자만의 사랑이라도
내 맘 하나 가득
소중한 모든 것인 것을
너를 사랑하는
혼자만의 사랑이라도
시들지 않는 영원한 것을
남겨진 하늘 검은 밤바람
떠나간 너의 기억
눈부시게 밝혀져 있고
모두 사라질 세상 속에서
널 향한 조급한 그리움
더욱 커져만 가는
너를 사랑하는
혼자만의 사랑이라도
내 맘 하나 가득
소중한 모든 것인 것을
너를 사랑하는
혼자만의 사랑이라도
시들지 않는 영원한 것을
어쩌면 사랑은 닿을 수 없는 너의 손
애써 잡으려 하는
어쩌면 사랑은 있지도 않은 곳으로
찾아가려는",Palette,2017.04.21,발라드
꽃,아이유,"꽃이 지네 산과 들 사이로
꽃이 지네 눈물같이
겨울이 훑어간 이 곳
바람만이 남은 이 곳에
꽃이 지네 꽃이 지네
산과 들 사이로
꽃이 피네 산과 들 사이로
꽃이 피네 눈물같이
봄이 다시 돌아온 이 곳
그대 오지 않은 이 곳에
꽃이 피네 꽃이 피네
산과 들 사이로
꽃이 피네 산과 들 사이로
꽃이 피네 눈물 같이",꽃갈피,2014.05.16,발라드
Last Fantasy,아이유,"좋은 꿈을 꿨죠
어느 꽃보다 아름다운
찬 바람결에 이불 당기며
눈을 뜨니 오늘이었죠
어느새 계절도 바뀌었죠
하얀 하늘과 파란 구름조각들
내 맘대로 그려지던 곳
다시 만날 수 있을까
또 내게 올까
아득한 건 언제나
늘 아름답게 보이죠
가까이 다가선 세상은
내게 뭘 보여줄까요
아직 겁이 많은 이런 나
그대라면 내가 기대도 될까요
더 조금만 맘을 열어 줄래요
그댄 누군가 필요하지 않나요
나처럼
그런 적 없나요
아주 긴 잠을 잔 것처럼
어제와 살짝 다른 공기에
왠지 하루가 낯설 때
왠지 모든 게 낯설 때
나의 아침이 누군가의 밤이란
아주 당연한 그 사실이
왜 이리 외로운건지
왜 슬픈건지
아득한 건 언제나
늘 아름답게 보이죠
가까이 다가선 세상은
내게 뭘 보여줄까요
아직 겁이 많은 이런 나
그대라면 내가 기대도 될까요
더 조금만 맘을 열어 줄래요
그댄 누군가 필요하지 않나요
꼭 나처럼
내 마지막 판타지를
내 가슴에 영원히
날아갈 수 있다면
난 그대에게 갈 텐데
하지만 지난 밤 꿈 속의 의미를
나는 믿어요
아직 모르는게 많은 나
저 문을 열고
걸어나가도 되겠죠
날 천천히 기다릴 수 있나요
기도해줘요 넘어지지 않도록
나를 믿어요",Last Fantasy,2011.11.29,발라드
크레파스 (드라마 '예쁜 남자' 삽입곡),아이유,"지금 봄인지 가을인지 몰라요
한겨울이라면 또 어때요
녹아 다 없어질 만큼
온종일 만져주는 걸
요즘 날씨가 정말 좋네요
아니래도 사실 알게 뭐야
서울 공기가 이렇게나
달콤했었나요
우 뭐든지 그려요
다 돼줄게요
크레파스처럼 색칠해요
Black or yellow
그려줘요
아무도 보지 못한
그대 맘 속 판타지를 내게만
oh love
Sweet line 그려줘요
Touch line 만져줘요
머릿결 한 올 한 올까지 다
부드럽게 sweet line
속삭여줘
Feel line 다듬어줘
아프지 않을 만큼
두 손에 가득 담아줘
우우 예
근데 정말 그렇게 내가 좋나요
이유를 콕 집어 말해줘요
대체 나의 어떤 모습이
그대 맘을 홀렸을까
하루에도 몇 번씩 묻는 내가
귀찮아도 대답해줘 love
Sweet line 그려줘요
Touch line 만져줘요
손가락 마디마디까지 다
부드럽게 sweet line
속삭여줘
Feel line 다듬어줘
아프지 않을 만큼
두 손에 가득 담아 줘
우우 예
크레파스 얼룩들이
그대 손에 다 묻어
끈적거릴 때까지 아이처럼 계속
우 뭐든지 그려요
다 돼줄게요
크레파스처럼 색칠해요
Black or yellow 그려줘요
Sweet line 그려줘요
Touch line 만져줘요
머릿결 한 올 한 올까지 다
부드럽게 sweet line
속삭여줘
Feel line 다듬어줘
아프지 않을 만큼
두 손에 가득 담아줘",Modern Times - Epilogue,2013.12.20,댄스
그러는 그대는,아이유,"하나도 달라진건 없어요
내 맘 그대로인데
어제보다 더 멀리 서있는 그댈
어떻게 해야하죠
해맑게 웃어주던 미소가
정말 따뜻한 사람
서툰 표현에 담아주던 그 사랑
모두 어딜갔나요
내 등을 떠밀며 가라고
그러는 그대는
왜 아직 그 자린가요
이러지 말아요
그렇게 사랑하면서
왜 자꾸만 아프게 해

작아도 아름답던 꿈들을
우리 함께 키웠죠
그런 소중한 우리의 사랑이
추억이 되지 않길
내 등을 떠밀며 가라고
그러는 그대는
왜 아직 그 자린가요
이러지 말아요
그렇게 사랑하면서
왜 자꾸만 아프게 해
그대 마음 알아요
나를 위해 떠나려는
정말 날 위한다면
영원히 날 지켜줘
나를 사랑한 그대이니까
눈물이 멈추질 않아요
그대가 그대만
이 눈물 멈출 수 있어
슬픔은 아픔은
이걸로 충분하니까
이젠 제발 돌아와요
내가 정말 잘 할께요",2009 외인구단 OST,2009.06.02,"발라드, 국내드라마"
Obliviate,아이유,"오 슬픈 기억을 다 모아
Obliviate Obliviate
지금부터 기억을 지운다
한 걸음 뒤로 갈 때마다 추억 하나씩
난 얼만큼을 더 걸어가야
난 얼만큼 더 버려야 너와 남이 될까
열 걸음은 턱없이 모자라
천 걸음도 어쩜 부족할 거야
결국 난 나쁜 기억은 사라지고 좋은
기억만 남는다는
말도 안 되는 그 주문을 건다
머리야 Obliviate 마음아 Obliviate
아파 얼마나 내가 더 무너져야 해
이건 아니야 그럴 리 없단 말이야
더 선명해진 얼굴 그 목소리가
다시 귓가에
내 머리 속은 너무 비좁아
전부 짐이 돼버린 네 흔적이 나에겐
너무 아픈 virus 약도 없는 virus
오 말도 안 되는 이 사랑이 싫어
머리야 Obliviate 마음아 Obliviate
아파 얼마나 내가 더 무너져야 해
이건 아니야 그럴 리 없단 말이야
더 선명해진 얼굴 그 목소리가
다시 들리네
지워라 머리야 오 제발 내 마음아
지워라 머리야 오 제발 내 마음아
Obliviate",Modern Times,2013.10.08,록/메탈
(Bonus Track) Voice Mail (Korean Ver.),아이유,"어쩌면 아니길 바랬나 봐
얼마 전부터 밤낮으로 날 괴롭히는
두근거림
덕분에 나 어제는 한숨도 못 잤어
미안 아마 너도 느꼈을 거야
어설프게 감추며 네 주윌 맴돌던
내 모습이 네게
많이 거슬렸다면 사과할게
사실은 지금도
할 수만 있다면 계속 부정하고 싶다
근데 솔직히 조금은
헷갈리게 만든 네 책임도 있는 거 아냐
늦은 밤 진동 소리에
은근한 목소리로 나를 깨웠잖아
아침은 꼭 먹고 다니라며
다정했던 걱정 정말 넌 아무 뜻도없었냐
걱정 마 심각한 수준은 아냐
네게 심심풀이 땅콩이라도 좋다느니
뭐 그런 얘기 아냐
잠깐 이러다 알아서 정리할게
녹음 시간은 벌써
2분 30초가 막 넘어가고 있네
사실 더 할 말도 없어
어차피 아무 대책 없이 그냥 한 번
질러본 거니까
참 끝까지 초라하다
나 왜 이렇게 한심하니
이런 건 아닌데
답장을 못내 기다릴 텐데
역시 아니라면 난 아니라면
네가 아니면 뭐 아닌 거지 뭐
아닌 거지 뭐",Modern Times - Epilogue,2013.12.20,록/메탈
Feel So Good,아이유,"아침에 눈을 뜨면 다가오는 햇살
햇살에 눈 비비고 일어나고
일어나 남은 잠을 깨워보는
shower time
누군가 청소를 한 깨끗해진 거리
거리에 울리는 내 걸음소리
Feel so good Feel so good
All my life
얼굴은 웃음으로 가득 채워 그리고
마음은 사랑으로 가득 채워 그래서
걱정은 마음속에 담지 말고
그래도 그래도 가끔
눈물이 흐를 때는 울어 버려 그리고
또다시 아플 때는 웃어 버려 그래서
언제나 행복한 나
하루에 열 두번은 지어보는 미소
미소에 모두 나를 반겨주고
반기는 사람들과 인사하는 Everytime
어둔밤 골목길을 지켜주는 달빛
달빛에 춤을 추는 강아지도
Feel so good Feel so good
All my life
얼굴은 웃음으로 가득 채워 그리고
마음은 사랑으로 가득 채워 그래서
걱정은 마음속에 담지 말고
그래도 그래도 가끔
눈물이 흐를때는 울어 버려 그리고
또다시 아플때는 웃어 버려 그래서
언제나 행복한 나
한 걸음 두 걸음 천천히 뛰지 말고
자꾸 자꾸 서두르지 말고
하루 하루 거르지 않고
사랑해 소릴 키우고
그때 그때 오해 다 지우고
서로 서로 아껴준다면
모두 다 기쁜 기분
Feel so good
얼굴은 웃음으로 가득 채워 그리고
마음은 사랑으로 가득 채워 그래서
걱정은 마음속에 담지 말고
그래도 그래도 가끔
눈물이 흐를때는 울어 버려 그리고
또다시 아플때는 웃어 버려 그래서
언제나 행복한 나
웃어봐 웃어봐 기분이 좋아",Lost And Found,2008.09.23,발라드
라망 (L'amant),아이유,"알아요 그대 마음에 어디에도
나는 없었다는 걸
문득 그대 흘린 비웃음 보았죠
그래요 기대 안했죠
아니 실망하고 싶지 않아서
혼자 사랑해도 된다고 믿어요
쓰디쓴 입술에 잠시 스쳐도 좋아서
무섭게 차가운 독이 서린 말해도
미친 꿈을 믿고 싶어요
아니 사랑인 걸 믿어요
날 짓밟고 사라져버려도
하지만 오늘 하루는
길에 고인 물에 비친 모습이
서러워 내 어깨를 감싸며 울어요
한 번도 그대가 날
만져주지 않아도
한 번도 그대가 날 웃음 짓게 안해도
미친 사랑 때문에
그대 사랑할 수밖에 없어요
나를 짓밟고 사라져 버려도
하지만 오늘 하루는 길을 걷다 비친
나의 모습이 초라해진 어깰 감싸며
조금 내 모습이 가여워
혹시나 달라지길 바라며 울어요",Last Fantasy,2011.11.29,발라드
난 사랑을 아직 몰라,아이유,"만날 수 없잖아 느낌이 중요해
난 그렇게 생각해
너무 단순해도 난 싫어
한번을 만나도 느낌이 중요해
난 그렇게 생각해
너무 빠른것도 난 싫어
너는 사랑을 말하지만 그건
좀 곤란해 진짜 사랑이란건
서로 느낌이라는데
나는 사랑을 아직 몰라
조금 더 기다려
진짜 사랑한다면 조금 더 참아 주겠지
만날 수 없잖아 느낌이 중요해
난 그렇게 생각해
너무 단순해도 난 싫어
나를 만나자고 너는 나를 찾아와도
나는 너를 몰라
너를 만날 수가 없잖아

너는 사랑을 말하지만 그건 좀 곤란해
진짜 사랑이란건
서로 느낌이라는데
나는 사랑을 아직 몰라
조금 더 기다려
진짜 사랑한다면 조금 더 참아주겠지
만날 수 없잖아 느낌이 중요해
난 그렇게 생각해
너무 단순해도 난 싫어
나를 만나자고 너는 나를 찾아와도
나는 너를 몰라
너를 만날 수가 없잖아
나를 만나자고 너는 나를 찾아와도
나는 너를 몰라
너를 만날 수가 없잖아",음악여행 라라라 Live Vol.5,2009.06.18,발라드
벽지무늬,아이유,"눈을 뜨면 벽지 무늬 속
그 반복이 내 하루와 닮았어
내 방안에는 깔끔히 정리된
외로움만이
무표정한 양치질 위에
입가에 하얀 거품이 예쁜데
닦아버리면 또 다시
무표정한 사람아
내 모든 걸
그저 그렇게 만들어버린 그 하루
그 이별 그 까짓게 뭐라고
한 사람 떠난 게 뭐라고
내 모든 걸 아예 다
가져가 버리지 그랬어요
그 추억 돌아올지도 모를
그 희망까지도
신발장에 제일 예쁜 걸
고르다가 오늘도 같은 걸
예쁠 이유가 설레일
이유가 모자라서 내 모든 걸
그저 그렇게 만들어버린 그 하루
그 이별 그 까짓게 뭐라고
한 사람 떠난 게 뭐라고
내 모든 걸 아예 다
가져가 버리지 그랬어요
그 추억 돌아올지도 모를
그 희망까지도
날 안았던 가슴의 약속도
혹시 영영 못 잊을까봐
늘 불안한 조바심도
눈 감아도 벽지 무늬 속
그 반복이 내 밤의 미로 되어
같은 자리에 우두커니 서 있는 나",Last Fantasy,2011.11.29,발라드
사랑니,아이유,"엄마 어젠 정말 미안해요
두 눈이 너무 부어서
방문을 잠근 채 한 발짝도
나올 수 없었어
자꾸만 눈물이 흐르는 걸
나 어떡해
이 지구 위엔 첫사랑을 지켜낸
사람은 없나봐
누구나 한 번쯤 한 웅큼
눈물을 쏟아내곤
잊고 살아가나봐
내 첫사랑은 첫 사랑니처럼 아파
난 몰라 몰라 이 벌레 같은 사랑
어린 내겐 너무 잔인해
어쩌죠 벌써 타버린 내 맘
Oh No My First Love
이 사랑이 날 죽일 건가 봐 어떡해
엄마 아빠도 이렇게
속썩인 적 있나요
남자는 이렇게 쉬운
여자 맘도 모르나봐
나쁜 놈 전화도 없네
내 첫사랑은 첫 사랑니보다 아파
난 몰라 몰라 이 벌레 같은 사랑
어린 내겐 너무 잔인해
어쩌죠 벌써 타버린 내 맘
Oh No My First Love
이 사랑이 날 죽일 건가 봐 어떡해
달콤한 건 한순간이었나 봐
어쩌지 어쩌다 어쩐다 어쩌나
점점 커져가는 내 사랑을
몰라 몰라 자꾸만 보고 싶어
Foolish Foolish 바보 같은
내 첫사랑
나 죽을 것 같아 엄마
Oh No My First Love
이 사랑이 날 아프게 하네
Love is cold
Love is pain
Love is fool
이런 첫 사랑은
내겐 너무나도 아파
철없는 내겐 너무나 아파
첫 사랑니보다",Last Fantasy,2011.11.29,발라드
Everything's Alright (Feat. 김현철),아이유,"Everything`s alright
If you hold me tight
나는 괜찮아 너만 있으면
Like a sunny day
Such a wonderful day
내가 아는 넌 그런 사람인 걸
좋은 날씨잖아
약속도 없이 외로운 Holiday
시간도 멈춰 있어
괜히 짜증만 나
이런 날 보고 어쩌란 말인지
네가 없인 아무것도 안되잖아
Everything`s alright
If you hold me tight
나는 괜찮아 너만 있으면
Like a sunny day
Such a wonderful day
내가 아는 넌 그런 사람인 걸
여자 자존심에
먼저 전화하긴 좀 그렇잖아
지금도 난 기다려
나를 잘 알잖아
못 이기는 척 전화해주면 돼
알면서 괜히 그래
Everything`s alright
If you hold me tight
나는 괜찮아 너만 있으면
Like a sunny day
Such a wonderful day
내가 아는 넌 그런 사람인 걸
우리가 지금까지 나눈 말
뻔한 거짓말이 아니야
Everything`s alright
If you hold me tight
나는 괜찮아 너만 있으면
완전 보고 싶어 미치도록 말이야
Everything`s alright
If you hold me tight
나는 괜찮아 너만 있으면
Like a sunny day
Such a wonderful day
Everything`s alright
If you hold me tight
나는 괜찮아 너만 있으면
After day by day
Soon a smiley day",Last Fantasy,2011.11.29,댄스
Modern Times,아이유,"유쾌한 걸음 새까만 콧수염
어딜 바삐 가나 또 뭔 일이
시계토끼처럼 늘 급한 얼굴로
나를 지나쳐 가요
난 그댈 알아 그댄 날 몰라
늘 같은 시간 우린 같은 길을 걷는데
시간 좀 내요 얘기 좀 해요
한 마디 없이 꼭 다문 입술
나 그 목소리를 꼭 들을래요
다음에 보면 꼭 인사해요
또 봐요 미스터 채플린
바람에 날린 동그란 저 모자
달리기를 하나 왜 서둘러
시계톱니처럼 똑같은 모퉁일
돌아돌아 뛰네요
어디서 와서 어디로 갈까
말고도 궁금한 게 이렇게 난 많은데
잠시만 서서 얘기 좀 해요
한 마디 없이 꼭 다문 입술
나 그 목소리를 꼭 들을래요
다음에 보면 꼭 인사해요
또 봐요 미스터 채플린
어두운 얼굴 무슨 일이 있나요
말 건네면 대답할까요
나는 알아요 슬픈 그댈
온 세상 사람들 그대를 보면서 웃어도
못 살게 구는 사람들 없는
먼 길을 떠났다고 난 믿을래요
이젠 웃어요 다 괜찮아요
또 봐요 미스터 채플린
그대가 부른 즐거운 넌센스
나 슬픈 날엔 꼭 그 노랠 해요
언젠가 보면 꼭 인사해요
또 봐요 미스터 채플린
꼭 봐요 미스터 채플린
그 이름도 내겐 사랑스런 채플린",Modern Times - Epilogue,2013.12.20,록/메탈
미아,아이유,"우리 둘 담아 준 사진을 태워
하나 둘 모아 둔 기억을 지워
그만 일어나 가야 하는 걸
너무 잘 알고 있는데
왜 난 주저 앉고 마는지
쏟아지는 빗물은
날 한 치 앞도 못 보게 해
몰아치는 바람은
단 한 걸음도 못 가게 해
벼랑 끝에 서 있는 듯이
난 무서워 떨고 있지만
작은 두 손을 모은
내 기도는 하나 뿐이야 돌아 와

이제는 눈물도 나오지 않아
울먹일 힘마저 없는 것 같아
우리 이별이 꿈이 아닌 걸
너무 잘 알고 있는데
왜 난 깨어나길 비는지
쏟아지는 빗물은
날 한 치 앞도 못 보게 해
몰아치는 바람은
단 한 걸음도 못 가게 해
벼랑 끝에 서 있는 듯이
난 무서워 떨고 있지만
작은 두 손을 모은
내 기도는 하나 뿐이야
아픈 내 가슴도 깊은 상처들도
나쁜 널 미워하는데
사진을 태우고 기억을 지워도
널 잊을 수 없나 봐 사랑해
날 한 치 앞도 못 보게 해
몰아치는 바람은
단 한 걸음도 못 가게 해
벼랑 끝에 서 있는 듯이
난 무서워 떨고 있지만
작은 두 손을 모은
내 기도는 하나 뿐이야
돌아 와 돌아 와",Growing Up,2009.04.23,발라드
우울시계 (Feat. 종현 Of SHINee),아이유,"우울하다 우울해 지금
이 시간엔 우울하다
우울하다 우울해 지금이
몇 시지 열한 시 반
우울하다 우울해 또
우울시계가 째깍째깍
우울하다 우울해 라면
왜 먹었지 살 찌겠네
비가 온다 비가 와
끈적거리게 자꾸 비가 와
잠이 온다 잠이 와 그냥
세상 만사 귀찮아
시간이 흐르면 가슴 찢어지던
이별도
시간이 흐르면 이불 걷어찰
어린 기억도
잊혀진다 잊혀져 그냥저냥
휙휙 지나 가
잊혀진다 잊혀져 그땐 그게
전분 줄 알았는데
시간이 흐르면 지금 이리
우울한 것도
시간이 흐르면 힘들다
징징댔던 것도
한때란다 한때야 날카로운
감정의 기억이
무뎌진다 무뎌져 네모가
닳아져 원이 돼
우울하다 우울해 무뎌져 가는 게
우울하다
씁쓸하다 씁쓸해 한약을 달여
마신 듯 씁쓸
우울하다 우울해 별 것도 아닌데
우울하다
우울하다 우울해 우울우울 열매
먹은 듯 우울",Modern Times,2013.10.08,록/메탈
아침 눈물,아이유,"일어나 아침 내 눈물아 눈을 떠
서둘러 오늘도 울어야지
언제나 나보다 눈물이 잠이 많아서
부지런하게 깨워야 일어나니까
하루 열 두번을 더 울어도
아이 같이 투정 부려도
내 머리를 만지며 달래던
너는 돌아오지 않겠지만
오늘도 내일 그 다음 날도
너 때문에 많이 아파도
미안해 하지마 괜찮아
아직 너를 사랑하니까

어느 날 네가 떠나던 날
그 날도 지금도 주르륵 비가 내려
이제 난 더 이상 웃을 수 없게 되었어
웃으려 해도 빗물이 입을 가려서
하루 열 두번을 더 울어도
아이 같이 투정 부려도
내 머리를 만지며 달래던
너는 돌아오지 않겠지만
오늘도 내일 그 다음 날도
너 때문에 많이 아파도
미안해 하지마 괜찮아
아직 너를 사랑하니까
그래 조금만 더 기다릴래
그 때까지 잊지 않을래
보고파질 때면 눈 감아
기억속의 너를 만나면 돼
우리 헤어진 걸 다 아는데
나 혼자서 모른 척 할래
이별을 믿으면
그 때는 정말 이별하는거니까",IU...IM,2009.11.12,발라드
A Dreamer,아이유,"밑에 까만 그림자 하나가 깊게
나만 바라만 보다가 밉게
혼자 어딘가 달아난 그때
아침 햇살이 내려와
어두운 방 안에서
나 홀로 생각에 잠겨
저 하늘에 달빛이 깊은 어둠을 삼켜
별들의 품에 안겨 스르르 눈이 감겨
꿈 속에 펼쳐진 모습들은 놀라운 광경
손 흔들며 안녕하며
나를 반겨 주는 달과 별들
덩달아 신나서 환하게 웃는 내 얼굴
지금이 순간이 영원하길 기도하며
이 모든 것들이 마치
기적과도 같은 선물
더 가까이
저 하늘 위로
밤새도록 바람 타고 날고 싶어
그냥 걷기만 하는 발 대신에
하얀 날개를 꼭 갖고 싶어
숨겨왔던 감추고 있던
간직했던 한 사람도 몰랐었던
아직 꺼내지 못한 이 비밀까지
저기 별하고 얘기 할래

짙게 다시 어둠이 내린 밤 늦게
작은 방 안에 들어가 이제
나 뿐이라는 생각 난 그때
눈물 한 방울 흘러와
내일을 알 수 없는 삶이라도
건널 수 없을 만큼 깊숙한 강이라도
저 높은 산이라도
어두운 밤이라도
어렵고 두렵지만 갈래
내 등 뒤에 날개를
활짝 피고서 누구보다
밝게 미소 짓고서
혼자가 아닌 걸 비로소 알게 됐어
하늘과 별
바람과 햇살아 날 안아주렴
소중한 내 비밀 너희들만 알아주렴
더 가까이
저 하늘 위로
밤새도록 바람 타고 날고 싶어
그냥 걷기만 하는 발 대신에
하얀 날개를 꼭 갖고 싶어
숨겨왔던
감추고 있던
간직했던 한 사람도 몰랐었던
아직 꺼내지 못 한 이 비밀까지
저기 별하고 얘기 할래
그때가 그리워
별들을 그리며
달빛과 둘이서
춤추던 dreamer
하늘 위로 날며 처음 만나는 자유
꿈 속에서 또 만나요 Bizniz IU
그때가 그리워
별들을 그리며
달빛과 둘이서
춤추던 dreamer
하늘 위로 날며 처음 만나는 자유
꿈 속에서 또 만나요 Bizniz IU
누군가가
내게 다가와
왜 아무 말 안 하는지 되묻지만
쉽게 말하는 말보다 상상이 더
오래 기억되고 좋은 걸
Fly to the moon Dream comes true
Sky's the limit infinity
This is my little secret",Growing Up,2009.04.23,발라드
아이야 나랑 걷자 (Feat. 최백호),아이유,"아이야 나랑 걷자 멀리
너의 얘길 듣고 싶구나
아이야 서두를 건 없다
비가 올 것 같진 않아
볕이 닿는 흙을 밟으며
바람 따라 걷고 싶어요
누굴 만난다면 노랠 들려주면
나를 기억하겠죠
돌아올 땐 더 가벼울 발걸음
가슴엔 할 얘기 한 가득
가끔은 돌아 걷자 멀리 하늘 보며
너무 가파른 길 만나면
시간이 걸려도
성난 바람이라도 불 땐
내가 너를 잡을 테니
하루 종일 해를 받다가
그늘 아래 쉬면 행복해
나를 만난다면 내가 들린다면
내게 말을 걸어요
다음 날에 나를 잊는다 해도
하루쯤 날 생각하겠죠
아이야 나랑 걷자 멀리 하늘 보며
너의 얘길 듣고 싶구나 더
듣고 싶어요
아이야 서두를 건 없다
비가 올 것 같진 않으니",Modern Times - Epilogue,2013.12.20,발라드
잠자는 숲 속의 왕자 (Feat. 윤상),아이유,"언제까지 너의 꿈속으로
달아나는 거야
아침이면 모두 어김없이
끝나 버릴 텐데
잠든 너를 지켜보는 것도
지겨워 지겨워
눈을 뜨면 나는 먼 곳으로
떠났을지 몰라
자고 있던 나를 깨워 놓은 건
잊어버렸니 바로 너였을 텐데
꿈결 속에 들려준 약속들 모두
눈을 떠 봐 어디간 거야
언제까지 너의 꿈속으로
달아나는 거야
아침이면 모두 어김없이
끝나 버릴텐데
잠든 너를 지켜보는 것도
지겨워 지겨워
눈을 뜨면 나는 먼 곳으로
떠났을지 몰라
자고 있던 나를 깨워 놓은 건
잊어버렸니 바로 너였을 텐데
꿈결 속에 들려준 약속들 모두
눈을 떠 봐 어디간 거야
어디에서부터 잘못된 거야
맨 처음부터
이런 것이 끝은 아니었잖아
잊어버렸니 모두 그대로인걸
옛날부터 그렇게 정해진대로
오래오래 행복해야지
자고 있던 나를 깨워 놓은 건
잊어버렸니 바로 너였을 텐데
꿈결 속에 들려준 약속들 모두
눈을 떠 봐 어디간 거야
자고 있던 나를 깨워 놓은 건
잊어버렸니 바로 너였을 텐데
꿈결 속에 들려준 약속들 모두
눈을 떠 봐 어디간 거야",Last Fantasy,2011.11.29,댄스
첫 겨울이니까,"성시경, 아이유","무얼 고를까
추운 겨울이니까
캐시미어 스웨터는 어떨까
처음이니까
초록이 날까
다홍색은 어떨까
보라 빛 밤 구름 사이로
하얀 눈이 내리면


크리스마스
온 세상이 반짝이네
크리스마스
그중 제일 반짝이는
숨 막히게 예쁜 너와 우리 둘만의
첫 겨울이니까


뭐가 좋을까
로즈 골드 빛 목걸인 어떨까
언젠가 풀 반지 곱게 엮어
고백을 할 땐
눈이 오면 좋겠어

크리스마스
온 세상 포근해지네
크리스마스
그중에 가장 따듯한
너의 품속에서

항상 너의 곁에서

사랑해 있잖아 널 보면
나의 맘에 눈처럼
가득히 날리고
영원토록 녹지 않아
우리의 겨울이(우리 사랑이)
하얗게 쌓여가

크리스마스
사랑만 가득히

크리스마스
온 세상 환희 반짝이네
크리스마스
그중에 제일 반짝이는
숨 막히게 예쁜 너와 (멋진 너와)

크리스마스
사랑만 가득히 (온 세상)
메리 크리스마스
그중에 가장 따듯한
잠든 너의 품속에서 (내 품속에서)

잠든 네 꿈속에서
항상 너의 곁에서
늘 우리 둘이서",성시경 8th Album [ㅅ (시옷)],2021.05.21,발라드
4AM,아이유,"일어난 건지
아직 잠들지 못한 건지
당장이 내일인지 오늘인지
어젠지도 모르는 그때
4AM Rain again
그저 소릴 듣고 있지
가사 없이 흥얼거리지
촉촉한 그 멜로디
정신없이 어지러운 비트
해가 뜨면 흔적없이
모두 잊혀지겠지
조금 무거워진 머리엔
대답할 수 없는 질문들
일렁이는 자동차들
불빛을 세어봐도
세상엔 나뿐인듯해
4AM Never end
시곗바늘만 바라보네
연락할 누군가도 없이
작아지는 빗소리
I just sing for me the lullaby
눈을 뜨면 흔적없이
모두 잊혀지겠지
4AM Rain again
그저 소릴 듣고 있지
가사 없이 흥얼거리지
촉촉한 그 멜로디
정신없이 어지러운 비트
해가 뜨면 흔적없이
모두 잊혀지겠지",Last Fantasy,2011.11.29,발라드
싫은 날,아이유,"키 큰 전봇대 조명 아래
나 혼자 집에 돌아가는 길
가기 싫다 쓸쓸한 대사 한 마디
점점 느려지는 발걸음
동네 몇 바퀴를 빙빙 돌다 결국
도착한 대문 앞에 서서 열쇠를
만지작 만지작
아무 소리도 없는 방 그 안에
난 외톨이
어딘가 불안해 TV 소리를 키워봐도
저 사람들은 왜 웃고 있는 거야
아주 깜깜한 비나 내렸음 좋겠네 좋겠네
텅 빈 놀이터 벤치에 누군가
다녀간 온기
왜 따뜻함이 날 더 춥게
만드는 거야
웅크린 어깨에 얼굴을 묻다가
주머니 속에 감춘 두 손이 시리네
어제보다 찬 바람이 불어
이불을 끌어당겨도
더 파고든 바람이 구석구석
춥게 만들어
전원이 꺼진 것 같은 기척도
없는 창 밖을
바라보며 의미 없는 숨을 쉬고
한 겨울보다 차가운 내 방
손 끝까지 시린 공기
봄이 오지 않으면 그게 차라리 나을까
내 방 고드름도 녹을까 햇볕 드는
좋은 날 오면은",Modern Times,2013.10.08,발라드
한낮의 꿈 (Feat. 양희은),아이유,"밉게 우는 건 이제 그만 할까
이대로 어디로든 갈까
아니면 눈을 감을까
그렇게 아픈 건 잊어지지 않아
시간에 기대어 봐 가만
한낮에 꿈을 꾸듯이
살랑 바람이 가만히 날 어루만져
눈물이 날려
같이 있으면 마음을 읽어주는 사람
그래 줄 사람 어디 없나
비가 내리면 햇살을 대신하는 사람
늘 같은 사람 어디쯤 있나
행여나 그 사람 내 곁으로 오면
하루 다 나를 안아주면
그때나 웃어나 볼까
나만 혼자란 생각만 안 들게 해줘
날 웃게 해줘
같이 있으면 마음을 읽어주는 사람
그래 줄 사람 어디 없나
비가 내리면 햇살을 대신하는 사람
늘 같은 사람 어디쯤 있나
행여나 그 사람 내 곁으로 오면
하루 다 나를 안아주면
그때나 웃어나 볼까
졸리운 책은 덮어두고
한낮에 꿈을 꾸듯이",Modern Times - Epilogue,2013.12.20,록/메탈
Havana,아이유,"거기선 모두가 노랠 하고 산대요
부서지는 파도 앞에 살면서
가장 낯설은 도시 가장 익숙한 그대와
어때요 멋질 것 같죠
여기선 다 못한 우리 비밀 얘기들
크게 나누면서 걸어 다닐래
이건 외워주세요 hola
muchacha Hermosa
아침마다 말해줘요
널 위해 한 잔 날 위해 한 잔
늦은 저녁의 피냐 콜라다
웃어요 활짝 예뻐요 찰칵
이 순간을 기억해
Havana you’re my Havana
그대의 미지의 그 눈빛
Havana 언제나 설레임
그대의 존재는 날 꿈꾸게 해
너무 정신 없이 바쁠수록 소중한
그대와 마주한 짧은 순간들
기다릴 누군가가 있는
하루는 행복해
반쯤은 들뜬 내 모습
햇살이 얼핏 달콤한 귤빛
오후가 떠날 마지막 순간
그대를 만날 준비할 시간
난 여행을 떠나요
Havana you’re my Havana
그대의 미지의 그 눈빛
Havana 언제나 설레임
그대의 존재는 날 꿈꾸게 해
그대는 나만의 휴식
고민과 걱정 사라지네
난 매일 저 멀리 떠나요
그대를 볼 때면
Havana you’re my Havana
그대의 미지의 그 눈빛
Havana 언제나 설레임
그대의 존재는 날 꿈꾸게 해
날 꿈꾸게 해",Modern Times,2013.10.08,록/메탈
누구나 비밀은 있다 (Feat. 가인 Of Brown Eyed Girls),아이유,"내가 누굴 탐했었는지
네가 알면 넌 어떤 표정을 할까
내가 어제 무얼 했는지
네가 알면 넌 어떤 얘기를 할까
영원한 비밀이란 없다고
Oh 말을 하지만
떠들썩하거나 사소하거나
끔찍한 파문이 일지 몰라
누구나 비밀은 있는 거야
아무에게도 말하지 마
우리 아무 일도 없던 걸로
안 들은 걸로 해요
모두 비밀은 있는 거야
누구에게도 말하지 마
사람들에게는 진실이란
중요하지 않아
내가 무슨 꿈을 꿨는지
네가 알면 넌 어떤 얼굴을 할까
내가 누굴 싫어하는지
네가 알면 까무러칠지도 몰라
영원한 비밀이란 없다고
Oh oh oh oh 말을 하지만
넌 내가 정말로 없을 것 같니
아무도 모르는 story 하나
넌 네가 정말로 다 안 것 같니
너의 제일 가까운 그 사람을
누구나 비밀은 있는 거야
아무에게도 말하지 마
우리 아무 일도 없던 걸로
안 들은 걸로 해요
모두 비밀은 있는 거야
누구에게도 말하지 마
사람들에게는 진실이란
중요하지 않아
비밀이 있기에 빛나는 사람
나를 언제나 궁금하게 만들어
다가갈수록 신비로운 사람
그대의 모든 걸 말하지 마요
누구나 비밀은 있는 거야
아무에게도 말하지 마
우리 아무 일도 없던 걸로
안 들은 걸로 해요
모두 비밀은 있는 거야
누구에게도 말하지 마
사람들에게는 진실이란
중요하지 않아",Modern Times,2013.10.08,댄스
입술 사이 (50cm),아이유,"Oh darling 넘지 말아요
두 입술 사이 거린 아직까진 50cm
달콤한 말로 뻔한 말로
착한 나를 유혹하려 하진 말아주세요
사랑은 이 사랑은 완벽할 거에요
Largo adagio 조급해 말아요
Slowly baby slowly very slow
느린 템포로
Oh darling 넘지 말아요
두 입술 사이 거린 아직까진 50cm
솔직한 말로 그 말로 순결한
그대 맘을
내가 느낄 때까진
그 거리는 50cm
사랑은 이 사랑은 완벽할 거에요
Largo adagio 조급해 말아요
Slowly baby slowly very slow
느린 템포로
우리 사랑은 이 사랑은
짜릿할 거에요
Love ya baby love ya
그대 윗입술에
빨간 나의 아랫 입술이
닿을 때 쯤엔
제발 넘지 말아요
두 입술 사이 거린 아직까진 50cm
달콤한 말로 그 말로 제발
흔한 여자로
만들진 말아주세요
조금만 날 아껴줘요
두 입술 사이 거린 아직 50cm
Hush hush baby push me oh baby
이 작은 부탁만 들어줘요
Hush hush baby cherish me baby",Modern Times,2013.10.08,록/메탈
다섯째 손가락,아이유,"첫 눈보다 하얀 나비
노을보다 빨간 장미
커피보다 까만 아이 그 눈빛이
날 자꾸 설레게만 하는데
너랑 나랑 둘 뿐인데
너 혼자만 들을 텐데
왜 말하지 못 하는지 왜 이러지
또 하루 미루어진 내 고백
가만 너를 보고 있었던
나의 손을 잡은 그 때
I love you I need you
I love you I need you
우리 둘의 시간 이제부터 시작
다섯째 손가락에 약속해

동그랗게 내린 달빛에
서로 마주 섰던 그 때
I love you I need you
I love you I need you
우리 둘의 시간 이제부터 시작
다섯째 손가락에 약속해

꿈만 같은 시간 기분 좋은 시작
단잠에 들기 전에 기도해
I love you I need you forever",텔레시네마 프로젝트 Vol.6,2010.02.24,"발라드, 국내영화"
Teacher (Feat. Ra.D),아이유,"키는 더 자라지 않는 것 같은데
시간은 자꾸만 재촉하네요
어른이 되기엔 아직 이른 저를
날마다 보채요 표정없는 얼굴
축 처진 어깨
수많은 어른들의 힘겨운 저 모습이
혹시 제 모습이 될까 봐
늘 겁이 났죠
어떻게 해야 좋을까요
Teacher 가르쳐줘요
서툴기만 한 저도 어른이 될까요
Teacher 가르쳐주세요
누구보다 행복하게 살래요
지금처럼 이렇게 말예요
Teacher 커다란 세상에
움츠러들면 어쩌죠
Teacher 어렴풋하게 그려왔던
상상속 멋진 모습은 아니더라도
어깨를 펼게요 아주 작은 고민과
약간의 걱정 말곤
모든 게 즐거운 지금의 내 모습이
사라져버릴까봐
늘 겁이 나요
어떻게 해야 좋을까요
Teacher 가르쳐줘요
서툴기만 한 저도 어른이 될까요
Teacher 가르쳐주세요
누구보다 행복하게
살래요 지금처럼
알 수 없는 미래는
누구에게나 두렵겠지만
괜찮을 것 같아 보여
지금 행복하다면
어른이 되어도
그렇게 다르지 않을 걸
모든 게 그렇듯 행복도 습관이거든
Teacher 가르쳐줘요
서툴기만 한 저도 어른이 될까요
Yes, you can be the one
Teacher 가르쳐주세요
누구보다 행복하게
Yes, you can
Yes, you do
Keep goin'
누구보다 행복하게 살래요 지금처럼
Teacher 가르쳐주세요
누구보다 행복하게 살래요
지금처럼 이렇게 말예요",Last Fantasy,2011.11.29,발라드
미운오리,아이유,"미운오리

저기 멀리 어둔 하늘 보다가
엄마 별이 사는 그 곳은 어딜까
외로운 밤 나를 보고 있을까
작은 날개짓으로 날 수가 없는
미운 오리같은 나지만
그래 나의 노래가 저 하늘에 닿을때
그땐 꼭 만날 수 있겠지
저기 멀리 구름 계단 오르면
아빠 별이 나를 웃으며 반길까
혼자인 날 기다리고 계실까
작은 날개짓으로 날 수가 없는
미운 오리같은 나지만
그래 나의 노래가 저 하늘에 닿을때
그땐 꼭 만날 수 있겠지
한숨이 흘러도 가슴이 슬퍼도
그래도 울지 않아
언젠가 또 다시 쉴 곳을 찾을걸 알아

작은 날개짓으로 날 수가 없는
미운 오리같은 나지만
그래 나의 노래가 끝날 때 쯤에
그땐 꼭 만날 수 있겠지
하나 둘 셋 하얀 양을 세다가
나도 몰래 눈물이 흘러 내려와",Lost And Found,2008.09.23,발라드
있잖아 (Feat. 마리오),아이유,"Ye this song is my love story
첫 눈에 반한다는 말
절대로 믿지 않던 난
내 앞에 너 나타난 순간
뺏겨버린 맘 멈춰버린 시간
지난 밤에 꿈에서 만난
오랫동안 찾아 헤맨 나의 천사
너무나도 가슴 떨려
말한마디 못해 난 어떡해
있잖아 왠지 두근두근 가슴이 떨려 몰라
있잖아 괜히 나를보는 눈빛이 너무 좋아
Baby One two three 내게 다가와
L u v 부끄럽지만
A to Z 알고 싶어 난 숨겨둔 너의 맘
나를 원하니 가지고 싶니
나의 모든게 전부 네 것이길 바라니
사랑한단 한 마디만 솔직히 말해봐

이별에 혼자 훌쩍훌쩍 우는건 싫어 정말
사랑에 너와 생글생글 웃고만 싶어 항상
Baby One two three 두 손을 꼽아
L u v 세어보지만
A to Z 그 무엇보다 네가 제일 좋아
나를 원하니 가지고 싶니
나의 모든게 전부 네 것이길 바라니
사랑한단 한 마디만 솔직히 말해봐
I believe you Cause
I'm in love with you
이런 느낌은 처음이니까
용기내서 말하려
네 앞에 서기만 하면 난 바보가 되고
인사하고 돌아서는 뒷 모습을 보며
또 한숨만 쉬고
누구보다도 무엇보다도
난 너 하나만 있어주면 된다고
다른 것들은 다 필요없다고
그래 나 너만 원한다고
나 혼자만 널 원하고 있는것은 아닐까
혹시나 하는 맘에
불안한 맘에 가슴 속에 담아두는
사랑한다는 말
나를 원하니 가지고 싶니
나의 모든게 전부 네 것이길 바라니
사랑한단 한 마디만 솔직히 말해봐
나를 원하니 가지고 싶니
나의 모든게 전부 네 것이길 바라니
사랑한단 한 마디만 솔직히 말해봐
부드러운 내 입술이 니 볼에 닿을 때
나만 사랑한단 말만 속삭여 줘 Darling",Lost And Found,2008.09.23,댄스
을의 연애 (With 박주원),아이유,"뻔히 봐놓고 답장은 안 해
얼마나 바쁘시길래
끝나고 뭐해 얼굴 좀 볼까
오늘 우리 얘기 좀 해
언뜻 패턴은 비슷하지만
연애 초기 그것관 달라
모른 척 해도 이건 더 이상
밀고 당기기가 아냐
미묘한 신경전들이 더는
필요치 않은 사이
늘어질 대로 늘어져가는
Running time
눈칠 살피며 시간만 끌어
애태우는 저의가 뭐야
유통기한은 끝난 지 오래
상해도 한참 상했지
혀 끝을 지나기도 전에 벌써
지루해져 버린 내 이름
애인스럽게 불려본 게 언제던가 짠해
다시 끓기도 푹 식히기도
뜻뜨미적지근한 온도
끝이 보이질 않는 이 눈치 게임
하루도 더 못해 그래 내가 졌어
에라이 비겁한 남자야",Modern Times,2013.10.08,록/메탈
길 잃은 강아지,아이유,"나나 난나나 나나나
나나 난나나 나나나
나나 난나나 나나나
눈 떠지는대로 일어나서
할 일 없이 눈만 깜빡이다
바쁘게 지나가는 사람들
눈에 나는 없어 내가 없어
Ooh 날 쳐다봐줘 안쓰러운 날
예뻐해줘 Ooh 나를 데려가줘
돌아가는 길을 몰라
그런게 있었나 몰라
이젠 여기가 내 자리 같아
그저 사랑받고 싶은 맘
큰 욕심은 아니잖아
아니잖아 아니잖아
나나 난나나 나나나
나나 난나나 나나나
나나 난나나 나나나
나나 난나나 나나나
나나 난나나 나나나
나나 난나나 나나나
Ooh 날 붙잡아줘
흐려지는 나를 찾아줘
Ooh 날 사랑해줘
돌아가는 길을 몰라
그런게 있었나 몰라
이젠 여기가 내 자리 같아
그저 사랑받고 싶은 맘
큰 욕심은 아니잖아
아니잖아 아니잖아
나나 난나나 나나나
나나 난나나 나나나
나나 난나나 나나나
나나 난나나 나나나
나나 난나나 나나나
나나 난나나 나나나",Last Fantasy,2011.11.29,발라드
Danny Boy,아이유,"Oh Danny boy
the pipes the pipes are calling
From glen to glen
and down the mountain side
The summer's gone
and all the flowers dying
'Tis you 'tis you
must go and I must bye
But come he back
when summer's in the meadow
Or when the valley's hushed and white
with snow
Tis I'll be here in sunshine
or in shadow
Oh Danny boy oh Danny boy
I love you so
But when he come
and all the roses falling
And I am dead as dead
I well may be
Go out he find
the place where I am lying
And kneel and say
an Ave there for me
And I will hear
the soft you tread above me
And then my grave will warmer
sweeter be
For you shall bend
and tell me that you love me
And I shall sleep in peace
until you come to me",낙원 OST,2009.12.03,"포크/블루스, 국내드라마"
아라로,아이유,"아라에 다닿을까 아라에 다닿을까
아라에 다닿을까 아라에 다닿을까
아라에 다닿을까 아라에 다닿을까
아라에 다닿을까 아라에 다닿을까

바람길 가차가차
바람길 가차가차
마음길 아라로 가니
바람길 물결 건너
바람길 하늘 지나
마음길 숨결 따라
아라에 다닿을까 아라에 다닿을까
아라에 다닿을까 아라에 다닿을까
아라에 다닿을까 아라에 다닿을까
아라로

바람길 가차가차
바람길 가차가차
마음길 아라로 가니
바람길 물결 건너
바람길 하늘 지나
마음길 숨결 따라
아라에 다닿을까 아라에 다닿을까
아라에 다닿을까 아라에 다닿을까
아라에 다닿을까 아라에 다닿을까
아라로

아라에 다닿을까 아라에 다닿을까
아라에 다닿을까 아라에 다닿을까
아라에 다닿을까 아라에 다닿을까
아라에 다닿을까 아라에 다닿을까
아라에 다닿을까 아라에 다닿을까
아라에 다닿을까 아라에 다닿을까
아라에 다닿을까 아라에 다닿을까
아라에 다닿을까 아라에 다닿을까",선덕여왕 OST,2009.09.14,"발라드, 국내드라마"
Love Attack,아이유,"다가와 줄래 날 안아 줄래
소원은 하나 뿐이야
be my love
iu iu iu iu say me
digi digi digi digi digi
digi digi digi digi jum jum
Love Attack
오늘은 왜 이렇게 전화를 안할까 why
겁쟁이 같이 겁이 많니
아님 내 생각이 나질 않니
늦은밤 울렸던 너의 벨소리가
들리지 않아
잠도 들지 못하고 자꾸 불안해
아님 내 맘을 다 태워 버린걸까
알면 누가 내게 말해줘
답답해 궁금해 미치겠어
be my love 빨리 빨리 전화해
be my love 내가 보고 싶을땐
love atack
기다리게 하다 미치면 어떡 할라고
be my love 망설이지 말고 전화해
tak tak tak tak Love Attack tack tack
tak tak tak tak Love Attack Tack Tack
한주에 한번은 꼭 약속을 정하지 why
만나면 관심없는 척해
통화할 땐 너무 착한 척해
이랬다 저랬다 너의 줄다리기
정신이 없어
어지러워 헷갈려 자꾸 멍해져
아님 몰라서 빠져 버린걸까
알면 누가 내게 말해줘
답답해 궁금해 미치겠어
be my love 빨리 빨리 전화해
be my love 내가 보고 싶을땐
love atack
기다리게 하다 미치면 어떡 할라고
be my love 망설이지 말고 전화해
tak tak tak tak Love Attack tack tack
tak tak tak tak Love Attack Tack Tack
oh love attack oh love love ttack
oh love attack oh love love ttack
나난나나나 나난나나나
나난나나나 나 now ah
나난나나나 나난나나나
saying me saying me
이젠 너의 마음 전부 알고 싶어
이젠 너의 사랑 너무 갖고 싶어
정말로 간절하게 정말로 부탁할게
ring ma bell
be my love 빨리 빨리 전화해
be my love 내가 보고 싶을땐
love atack
기다리게 하다 미치면 어떡 할라고
be my love 망설이지 말고 전화해
be my love 빨리 빨리 전화해
be my love 내가 보고 싶을땐
love atack
기다리게 하다 미치면 어떡 할라고
be my love 망설이지 말고 전화해 love
tak tak tak tak Love Attack tack tack
tak tak tak tak Love Attack Tack Tack
tak tak tak tak Love Attack Tack Tack
tak tak tak tak Love Attack Tack Tack",IU...IM,2009.11.12,댄스
바라보기,아이유,"I know you wanna love me
I know you wanna know me
한 발짝씩 천천히
Come to me baby by my side
몰라요 몰라요 그대 맘을
잘 모르지만
알아요 알아요 내 사랑은
하나라는 걸
이름이 무언지 궁금해
어디에 사는지 궁금해
한 두 살은 많아 보이는데
나보다 오빤지 궁금해
그대 모든 게 알고 싶어져요 정말
몰라요 몰라요 그대 맘을
잘 모르지만
알아요 알아요 내 사랑은
하나라는 걸
우연히 스쳐 지나갈 때
살며시 미소를 지을 때
어쩌다가 눈이 마주칠 때
그 날은 떨려 말도 못 해
그대 모르게 사랑에 빠졌죠 정말
몰라요 몰라요 그대 맘을
잘 모르지만
알아요 알아요 내 사랑은
하나라는 걸
서두르지 말아 한 발짝씩
Slow down
내가 아무리 사랑에
둔한 남자라 해도
I know U that
나를 향한 너의 진실한 마음
날 바라보는 네 눈빛 Like
달콤한 막대사탕을 사달라 조르는
키 작은 어린 아이
사랑에 서투른 나이 쑥스러움도 많아
내 앞에서는 말 한 마디 못 해
편지로 마음을 전하는
순정 만화 속에서나
나올 법한 그런 아이
넌 내 곁에 두긴 아까운 아이
몰라요 몰라요 그대 맘을
잘 모르지만
알아요 알아요 내 사랑은
하나라는 걸
말해요 말해요 그대 맘은
나와 같다고
원하고 원하죠 그 사랑은
나 뿐이란 걸",Growing Up,2009.04.23,발라드
